Transaction ID,Date,Customer ID,Gender,Age,Product Category,Quantity,Price per Unit,Total Amount,Total_Amount,Month,Age_Group,Customer_Segment
1,2025-04-13,CUST3026,Female,22,Electronics,5,74.45,372.25,372.25,4,18-25,0
2,2025-12-15,CUST4744,Male,52,Beauty,5,498.52,2492.6,2492.6,12,50+,1
3,2025-09-28,CUST1009,Female,45,Home Decor,2,108.06,216.12,216.12,9,36-50,0
4,2025-04-17,CUST1260,Female,46,Clothing,1,305.19,305.19,305.19,4,36-50,0
5,2025-03-13,CUST7038,Male,26,Home Decor,5,217.46,1087.3,1087.3,3,26-35,2
6,2025-07-08,CUST3219,Female,69,Clothing,5,80.67,403.35,403.35,7,50+,0
7,2025-01-21,CUST8041,Female,55,Home Decor,2,33.37,66.74,66.74,1,50+,0
8,2025-04-13,CUST3060,Female,67,Electronics,1,318.91,318.91,318.91,4,50+,0
9,2025-05-02,CUST6287,Female,23,Beauty,3,407.24,1221.72,1221.72,5,18-25,2
10,2025-08-03,CUST2619,Male,36,Beauty,2,424.17,848.34,848.34,8,36-50,2
11,2025-11-27,CUST9512,Male,61,Electronics,1,251.7,251.7,251.7,11,50+,0
12,2025-03-29,CUST2342,Female,28,Clothing,5,393.18,1965.9,1965.9,3,26-35,1
13,2025-04-10,CUST3832,Male,19,Clothing,1,342.97,342.97,342.97,4,18-25,0
14,2025-12-26,CUST3824,Female,64,Clothing,1,367.64,367.64,367.64,12,50+,0
15,2025-06-01,CUST2994,Female,61,Electronics,1,256.45,256.45,256.45,6,50+,0
16,2025-05-11,CUST4490,Female,61,Clothing,3,324.04,972.12,972.1200000000001,5,50+,2
17,2025-05-30,CUST8984,Female,26,Electronics,1,406.65,406.65,406.65,5,26-35,0
18,2025-11-05,CUST2604,Female,38,Home Decor,3,210.98,632.9399999999999,632.9399999999999,11,36-50,0
19,2025-09-15,CUST1235,Male,41,Home Decor,5,406.87,2034.35,2034.35,9,36-50,1
20,2025-12-10,CUST2908,Female,51,Electronics,3,304.17,912.51,912.51,12,50+,2
21,2025-10-21,CUST9567,Male,39,Beauty,5,99.63,498.15,498.15,10,36-50,0
22,2025-07-11,CUST4530,Male,20,Home Decor,5,31.85,159.25,159.25,7,18-25,0
23,2025-10-04,CUST6256,Female,29,Clothing,3,194.12,582.36,582.36,10,26-35,0
24,2025-06-10,CUST3635,Female,45,Electronics,2,282.41,564.82,564.82,6,36-50,0
25,2025-11-10,CUST9162,Female,47,Clothing,4,423.11,1692.44,1692.44,11,36-50,1
26,2025-01-22,CUST3560,Female,43,Clothing,1,81.19,81.19,81.19,1,36-50,0
27,2025-09-10,CUST6415,Female,65,Beauty,4,404.1,1616.4,1616.4,9,50+,1
28,2025-08-24,CUST4391,Male,38,Clothing,1,434.24,434.24,434.24,8,36-50,0
29,2025-12-11,CUST6951,Female,45,Beauty,1,92.33,92.33,92.33,12,36-50,0
30,2025-02-18,CUST6468,Female,43,Home Decor,5,428.77,2143.85,2143.85,2,36-50,1
31,2025-02-28,CUST9007,Male,50,Electronics,1,495.9,495.9,495.9,2,36-50,0
32,2025-06-19,CUST7413,Male,38,Clothing,1,368.88,368.88,368.88,6,36-50,0
33,2025-07-07,CUST7941,Female,52,Electronics,3,396.69,1190.07,1190.07,7,50+,2
34,2025-09-28,CUST5820,Male,69,Clothing,4,497.32,1989.28,1989.28,9,50+,1
35,2025-07-09,CUST3898,Female,51,Electronics,3,310.63,931.89,931.89,7,50+,2
36,2025-06-24,CUST8546,Male,58,Clothing,1,167.79,167.79,167.79,6,50+,0
37,2025-02-20,CUST1077,Male,68,Clothing,5,422.01,2110.05,2110.05,2,50+,1
38,2025-12-30,CUST8577,Female,64,Clothing,3,314.95,944.85,944.8499999999999,12,50+,2
39,2025-02-24,CUST5227,Male,35,Clothing,3,298.97,896.9100000000001,896.9100000000001,2,26-35,2
40,2025-09-01,CUST1600,Male,28,Clothing,2,141.75,283.5,283.5,9,26-35,0
41,2025-11-16,CUST2065,Male,40,Clothing,1,383.04,383.04,383.04,11,36-50,0
42,2025-05-11,CUST3136,Male,65,Clothing,5,59.2,296.0,296.0,5,50+,0
43,2025-11-03,CUST7943,Male,39,Clothing,3,463.66,1390.98,1390.98,11,36-50,2
44,2025-05-15,CUST8804,Male,34,Clothing,3,176.4,529.2,529.2,5,26-35,0
45,2025-01-21,CUST7565,Female,22,Electronics,5,81.33,406.65,406.65,1,18-25,0
46,2025-11-25,CUST6984,Female,61,Beauty,1,232.34,232.34,232.34,11,50+,0
47,2025-06-16,CUST6142,Male,28,Clothing,2,40.39,80.78,80.78,6,26-35,0
48,2025-10-01,CUST5670,Female,47,Beauty,3,348.62,1045.86,1045.8600000000001,10,36-50,2
49,2025-03-30,CUST3190,Female,32,Clothing,2,453.3,906.6,906.6,3,26-35,2
50,2025-11-12,CUST3712,Female,44,Clothing,4,421.89,1687.56,1687.56,11,36-50,1
51,2025-01-14,CUST3192,Male,52,Electronics,1,81.14,81.14,81.14,1,50+,0
52,2025-08-30,CUST2248,Female,50,Home Decor,4,80.61,322.44,322.44,8,36-50,0
53,2025-09-22,CUST5033,Male,37,Home Decor,4,410.45,1641.8,1641.8,9,36-50,1
54,2025-12-12,CUST2997,Female,33,Electronics,4,463.64,1854.56,1854.56,12,26-35,1
55,2025-02-22,CUST4687,Male,51,Beauty,1,241.12,241.12,241.12,2,50+,0
56,2025-12-06,CUST5018,Male,19,Home Decor,1,259.51,259.51,259.51,12,18-25,0
57,2025-04-02,CUST2970,Female,52,Electronics,5,172.77,863.85,863.85,4,50+,2
58,2025-09-21,CUST9389,Female,57,Electronics,2,449.25,898.5,898.5,9,50+,2
59,2025-02-04,CUST6765,Male,45,Home Decor,2,329.55,659.1,659.1,2,36-50,2
60,2025-07-25,CUST2202,Female,64,Beauty,5,158.36,791.8000000000001,791.8000000000001,7,50+,2
61,2025-03-22,CUST9135,Female,56,Electronics,5,163.42,817.0999999999999,817.0999999999999,3,50+,2
62,2025-02-19,CUST6567,Female,23,Clothing,4,447.78,1791.12,1791.12,2,18-25,1
63,2025-12-26,CUST8667,Male,26,Beauty,5,26.54,132.7,132.7,12,26-35,0
64,2025-01-02,CUST6742,Male,37,Beauty,3,174.91,524.73,524.73,1,36-50,0
65,2025-02-23,CUST6788,Female,18,Home Decor,2,286.09,572.18,572.18,2,<18,0
66,2025-04-16,CUST6408,Female,25,Home Decor,5,91.14,455.7,455.7,4,18-25,0
67,2025-09-17,CUST9669,Female,40,Clothing,3,64.21,192.63,192.63,9,36-50,0
68,2025-11-06,CUST1922,Male,20,Electronics,3,411.33,1233.99,1233.99,11,18-25,2
69,2025-07-10,CUST1419,Male,21,Home Decor,3,449.31,1347.93,1347.93,7,18-25,2
70,2025-08-06,CUST3204,Female,42,Home Decor,3,415.33,1245.99,1245.99,8,36-50,2
71,2025-02-13,CUST2120,Female,64,Beauty,4,451.42,1805.68,1805.68,2,50+,1
72,2025-06-11,CUST1950,Female,55,Home Decor,3,285.49,856.47,856.47,6,50+,2
73,2025-07-21,CUST3336,Female,32,Home Decor,4,409.88,1639.52,1639.52,7,26-35,1
74,2025-09-27,CUST6373,Female,38,Home Decor,4,204.34,817.36,817.36,9,36-50,2
75,2025-12-17,CUST3243,Female,52,Home Decor,3,339.81,1019.43,1019.4300000000001,12,50+,2
76,2025-10-31,CUST3645,Male,63,Beauty,2,494.64,989.28,989.28,10,50+,2
77,2025-09-28,CUST5612,Female,69,Clothing,3,128.35,385.05,385.04999999999995,9,50+,0
78,2025-08-03,CUST2865,Male,31,Clothing,3,207.15,621.45,621.45,8,26-35,0
79,2025-09-09,CUST7028,Female,53,Electronics,3,250.42,751.26,751.26,9,50+,2
80,2025-07-09,CUST8326,Female,29,Home Decor,2,86.25,172.5,172.5,7,26-35,0
81,2025-10-23,CUST7371,Male,34,Beauty,1,58.9,58.9,58.9,10,26-35,0
82,2025-08-01,CUST7359,Male,56,Electronics,1,418.27,418.27,418.27,8,50+,0
83,2025-07-27,CUST8863,Male,26,Electronics,4,488.86,1955.44,1955.44,7,26-35,1
84,2025-08-25,CUST4228,Male,52,Clothing,4,214.27,857.08,857.08,8,50+,2
85,2025-12-04,CUST4719,Female,30,Beauty,2,62.07,124.14,124.14,12,26-35,0
86,2025-02-22,CUST3371,Male,32,Beauty,5,51.59,257.95000000000005,257.95000000000005,2,26-35,0
87,2025-10-07,CUST3891,Female,35,Beauty,1,447.83,447.83,447.83,10,26-35,0
88,2025-08-05,CUST4756,Male,68,Clothing,4,242.63,970.52,970.52,8,50+,2
89,2025-09-09,CUST5225,Female,50,Clothing,1,173.61,173.61,173.61,9,36-50,0
90,2025-07-07,CUST1094,Female,23,Clothing,2,248.7,497.4,497.4,7,18-25,0
91,2025-02-10,CUST3674,Female,44,Clothing,2,172.79,345.58,345.58,2,36-50,0
92,2025-06-06,CUST7898,Female,40,Clothing,5,254.74,1273.7,1273.7,6,36-50,2
93,2025-01-15,CUST1793,Female,44,Home Decor,5,432.59,2162.95,2162.95,1,36-50,1
94,2025-10-28,CUST3116,Female,51,Home Decor,2,304.3,608.6,608.6,10,50+,0
95,2025-03-06,CUST6779,Male,63,Beauty,4,353.43,1413.72,1413.72,3,50+,1
96,2025-12-11,CUST7166,Female,55,Electronics,1,195.04,195.04,195.04,12,50+,0
97,2025-11-23,CUST1814,Male,31,Beauty,3,374.48,1123.44,1123.44,11,26-35,2
98,2025-01-09,CUST1345,Male,53,Electronics,5,339.98,1699.9,1699.9,1,50+,1
99,2025-12-10,CUST9554,Female,25,Clothing,3,77.39,232.17,232.17000000000002,12,18-25,0
100,2025-05-09,CUST3443,Male,52,Electronics,4,294.87,1179.48,1179.48,5,50+,2
101,2025-05-16,CUST8783,Female,36,Beauty,5,143.24,716.2,716.2,5,36-50,2
102,2025-03-04,CUST1984,Male,47,Beauty,3,405.97,1217.91,1217.91,3,36-50,2
103,2025-05-19,CUST8790,Female,31,Electronics,4,224.45,897.8,897.8,5,26-35,2
104,2025-03-22,CUST1827,Male,37,Home Decor,1,497.45,497.45,497.45,3,36-50,0
105,2025-06-12,CUST4531,Female,66,Clothing,4,64.4,257.6,257.6,6,50+,0
106,2025-10-16,CUST8147,Female,42,Clothing,5,394.57,1972.85,1972.85,10,36-50,1
107,2025-09-18,CUST5451,Female,57,Beauty,2,343.38,686.76,686.76,9,50+,2
108,2025-08-19,CUST4876,Female,41,Home Decor,1,388.4,388.4,388.4,8,36-50,0
109,2025-02-10,CUST6959,Male,31,Electronics,3,167.61,502.83,502.83000000000004,2,26-35,0
110,2025-01-28,CUST1126,Female,43,Clothing,5,256.19,1280.95,1280.95,1,36-50,2
111,2025-05-15,CUST4177,Male,55,Home Decor,2,402.32,804.64,804.64,5,50+,2
112,2025-07-20,CUST9795,Male,40,Clothing,4,131.62,526.48,526.48,7,36-50,0
113,2025-11-24,CUST7024,Male,39,Home Decor,2,128.5,257.0,257.0,11,36-50,0
114,2025-09-25,CUST6109,Female,65,Home Decor,5,284.5,1422.5,1422.5,9,50+,1
115,2025-02-02,CUST5146,Male,36,Beauty,5,271.31,1356.55,1356.55,2,36-50,2
116,2025-02-17,CUST8196,Male,63,Clothing,2,155.49,310.98,310.98,2,50+,0
117,2025-03-03,CUST4368,Male,68,Electronics,4,163.08,652.32,652.32,3,50+,0
118,2025-08-04,CUST4797,Female,20,Beauty,2,153.37,306.74,306.74,8,18-25,0
119,2025-10-20,CUST2792,Female,59,Beauty,5,390.33,1951.65,1951.6499999999999,10,50+,1
120,2025-04-09,CUST6732,Male,36,Electronics,5,332.91,1664.5500000000002,1664.5500000000002,4,36-50,1
121,2025-06-21,CUST4476,Female,26,Beauty,3,419.56,1258.68,1258.68,6,26-35,2
122,2025-12-26,CUST4417,Female,45,Home Decor,3,488.23,1464.69,1464.69,12,36-50,1
123,2025-08-02,CUST2645,Male,37,Home Decor,1,247.6,247.6,247.6,8,36-50,0
124,2025-02-04,CUST4030,Male,62,Clothing,5,52.01,260.05,260.05,2,50+,0
125,2025-08-15,CUST3872,Female,24,Clothing,3,43.08,129.24,129.24,8,18-25,0
126,2025-04-11,CUST4072,Male,31,Electronics,2,161.92,323.84,323.84,4,26-35,0
127,2025-05-11,CUST2854,Female,26,Clothing,4,467.62,1870.48,1870.48,5,26-35,1
128,2025-09-14,CUST5021,Female,36,Home Decor,2,271.14,542.28,542.28,9,36-50,0
129,2025-01-05,CUST5662,Female,64,Electronics,4,150.46,601.84,601.84,1,50+,0
130,2025-08-06,CUST7514,Female,69,Electronics,3,211.6,634.8,634.8,8,50+,0
131,2025-09-12,CUST6031,Female,31,Clothing,1,307.33,307.33,307.33,9,26-35,0
132,2025-12-25,CUST3708,Female,55,Home Decor,2,333.42,666.84,666.84,12,50+,2
133,2025-10-10,CUST8112,Male,53,Electronics,2,93.88,187.76,187.76,10,50+,0
134,2025-07-26,CUST9393,Male,57,Home Decor,2,488.98,977.96,977.96,7,50+,2
135,2025-01-15,CUST4507,Female,34,Home Decor,4,281.49,1125.96,1125.96,1,26-35,2
136,2025-12-12,CUST7456,Female,47,Home Decor,3,85.13,255.39,255.39,12,36-50,0
137,2025-02-11,CUST5212,Female,26,Clothing,2,448.94,897.88,897.88,2,26-35,2
138,2025-06-28,CUST8970,Male,50,Beauty,2,55.83,111.66,111.66,6,36-50,0
139,2025-03-04,CUST9766,Female,69,Beauty,1,455.71,455.71,455.71,3,50+,0
140,2025-12-18,CUST1536,Male,42,Electronics,1,498.35,498.35,498.35,12,36-50,0
141,2025-08-19,CUST2625,Female,31,Home Decor,3,356.21,1068.63,1068.6299999999999,8,26-35,2
142,2025-08-29,CUST8973,Female,28,Clothing,3,389.81,1169.43,1169.43,8,26-35,2
143,2025-02-21,CUST9577,Male,52,Home Decor,5,181.91,909.55,909.55,2,50+,2
144,2025-04-06,CUST9070,Male,58,Home Decor,1,471.96,471.96,471.96,4,50+,0
145,2025-08-10,CUST9666,Female,31,Clothing,5,274.26,1371.3,1371.3,8,26-35,2
146,2025-08-19,CUST9609,Female,47,Beauty,4,371.55,1486.2,1486.2,8,36-50,1
147,2025-08-25,CUST7490,Female,58,Home Decor,5,463.57,2317.85,2317.85,8,50+,1
148,2025-05-23,CUST4600,Male,21,Home Decor,2,488.09,976.18,976.18,5,18-25,2
149,2025-06-20,CUST7783,Male,21,Beauty,5,419.94,2099.7,2099.7,6,18-25,1
150,2025-01-29,CUST5971,Male,45,Clothing,3,165.45,496.35,496.34999999999997,1,36-50,0
151,2025-02-05,CUST2205,Male,25,Electronics,4,483.94,1935.76,1935.76,2,18-25,1
152,2025-01-13,CUST2990,Male,19,Beauty,2,321.5,643.0,643.0,1,18-25,0
153,2025-06-09,CUST6299,Male,58,Electronics,5,466.71,2333.55,2333.5499999999997,6,50+,1
154,2025-11-23,CUST4572,Female,63,Electronics,4,344.53,1378.12,1378.12,11,50+,2
155,2025-07-06,CUST6975,Female,39,Beauty,4,167.47,669.88,669.88,7,36-50,2
156,2025-08-31,CUST7320,Male,58,Home Decor,2,197.61,395.22,395.22,8,50+,0
157,2025-03-27,CUST5380,Female,33,Electronics,5,284.23,1421.15,1421.15,3,26-35,1
158,2025-10-11,CUST5757,Female,46,Electronics,4,399.21,1596.84,1596.84,10,36-50,1
159,2025-03-07,CUST3713,Male,66,Clothing,4,172.63,690.52,690.52,3,50+,2
160,2025-06-19,CUST6588,Female,65,Home Decor,1,298.27,298.27,298.27,6,50+,0
161,2025-02-14,CUST1966,Male,47,Electronics,4,185.9,743.6,743.6,2,36-50,2
162,2025-03-03,CUST5944,Male,29,Clothing,1,411.57,411.57,411.57,3,26-35,0
163,2025-05-14,CUST4432,Female,52,Home Decor,5,244.03,1220.15,1220.15,5,50+,2
164,2025-10-11,CUST1688,Male,28,Beauty,5,56.83,284.15,284.15,10,26-35,0
165,2025-01-28,CUST5243,Male,63,Beauty,5,99.71,498.55,498.54999999999995,1,50+,0
166,2025-04-18,CUST4701,Male,67,Clothing,3,49.33,147.99,147.99,4,50+,0
167,2025-02-13,CUST9533,Male,38,Beauty,5,259.67,1298.35,1298.3500000000001,2,36-50,2
168,2025-12-06,CUST6182,Male,38,Electronics,4,71.04,284.16,284.16,12,36-50,0
169,2025-10-13,CUST7704,Male,22,Home Decor,2,74.79,149.58,149.58,10,18-25,0
170,2025-11-27,CUST5422,Male,65,Electronics,1,471.7,471.7,471.7,11,50+,0
171,2025-05-08,CUST2759,Male,37,Electronics,3,438.87,1316.61,1316.6100000000001,5,36-50,2
172,2025-12-14,CUST3482,Female,54,Beauty,5,237.0,1185.0,1185.0,12,50+,2
173,2025-08-19,CUST9058,Female,20,Electronics,5,493.19,2465.95,2465.95,8,18-25,1
174,2025-07-09,CUST1951,Female,61,Beauty,2,20.09,40.18,40.18,7,50+,0
175,2025-08-13,CUST9914,Male,50,Home Decor,2,314.71,629.42,629.42,8,36-50,0
176,2025-10-10,CUST3079,Male,26,Home Decor,3,315.89,947.67,947.67,10,26-35,2
177,2025-05-01,CUST3717,Female,26,Electronics,1,239.57,239.57,239.57,5,26-35,0
178,2025-04-26,CUST5524,Female,21,Clothing,5,210.54,1052.7,1052.7,4,18-25,2
179,2025-08-21,CUST9477,Female,52,Beauty,3,238.58,715.74,715.74,8,50+,2
180,2025-09-16,CUST8311,Male,34,Beauty,4,219.18,876.72,876.72,9,26-35,2
181,2025-12-25,CUST8186,Female,51,Electronics,4,370.64,1482.56,1482.56,12,50+,1
182,2025-07-17,CUST3065,Female,41,Beauty,3,84.97,254.91,254.91,7,36-50,0
183,2025-05-17,CUST1768,Male,49,Beauty,5,114.87,574.35,574.35,5,36-50,0
184,2025-11-14,CUST6490,Female,18,Clothing,3,106.65,319.95000000000005,319.95000000000005,11,<18,0
185,2025-06-14,CUST7645,Male,25,Clothing,5,145.99,729.95,729.95,6,18-25,2
186,2025-08-13,CUST6083,Male,62,Electronics,2,272.12,544.24,544.24,8,50+,0
187,2025-11-03,CUST6232,Male,40,Clothing,3,73.38,220.14,220.14,11,36-50,0
188,2025-08-22,CUST6797,Female,64,Electronics,5,436.72,2183.6000000000004,2183.6000000000004,8,50+,1
189,2025-06-21,CUST5926,Female,57,Home Decor,3,162.73,488.19,488.18999999999994,6,50+,0
190,2025-06-01,CUST7016,Male,29,Electronics,3,98.02,294.06,294.06,6,26-35,0
191,2025-11-11,CUST4335,Female,29,Home Decor,5,344.3,1721.5,1721.5,11,26-35,1
192,2025-06-09,CUST9038,Female,63,Electronics,5,38.28,191.4,191.4,6,50+,0
193,2025-04-06,CUST5873,Female,64,Beauty,1,317.58,317.58,317.58,4,50+,0
194,2025-08-21,CUST2481,Female,32,Clothing,3,355.14,1065.42,1065.42,8,26-35,2
195,2025-06-29,CUST7305,Male,58,Home Decor,4,123.16,492.64,492.64,6,50+,0
196,2025-04-23,CUST4451,Female,36,Electronics,3,40.14,120.42,120.42,4,36-50,0
197,2025-11-14,CUST1054,Male,43,Clothing,3,194.55,583.6500000000001,583.6500000000001,11,36-50,0
198,2025-02-21,CUST8643,Male,69,Electronics,5,67.33,336.65,336.65,2,50+,0
199,2025-09-25,CUST4462,Female,46,Clothing,3,75.91,227.73,227.73,9,36-50,0
200,2025-10-22,CUST1832,Male,39,Clothing,3,142.05,426.15,426.15000000000003,10,36-50,0
201,2025-04-23,CUST6954,Female,57,Electronics,4,161.82,647.28,647.28,4,50+,0
202,2025-04-11,CUST9519,Female,38,Home Decor,5,274.39,1371.9499999999998,1371.9499999999998,4,36-50,2
203,2025-04-23,CUST8221,Male,68,Home Decor,3,345.63,1036.89,1036.8899999999999,4,50+,2
204,2025-03-22,CUST4310,Male,55,Beauty,2,304.53,609.06,609.06,3,50+,0
205,2025-07-06,CUST4300,Male,37,Clothing,1,91.21,91.21,91.21,7,36-50,0
206,2025-04-23,CUST7722,Male,46,Beauty,4,102.6,410.4,410.4,4,36-50,0
207,2025-01-02,CUST8218,Female,68,Beauty,3,441.81,1325.43,1325.43,1,50+,2
208,2025-05-10,CUST8776,Female,21,Electronics,2,288.01,576.02,576.02,5,18-25,0
209,2025-08-08,CUST4675,Female,24,Electronics,3,437.57,1312.71,1312.71,8,18-25,2
210,2025-02-23,CUST4054,Male,45,Electronics,3,198.34,595.02,595.02,2,36-50,0
211,2025-12-09,CUST8970,Male,45,Clothing,5,314.91,1574.5500000000002,1574.5500000000002,12,36-50,1
212,2025-08-12,CUST3143,Male,21,Electronics,5,271.36,1356.8000000000002,1356.8000000000002,8,18-25,2
213,2025-08-13,CUST6207,Female,39,Electronics,5,173.18,865.9000000000001,865.9000000000001,8,36-50,2
214,2025-05-06,CUST3538,Male,29,Clothing,2,245.56,491.12,491.12,5,26-35,0
215,2025-05-10,CUST5547,Female,62,Clothing,3,261.2,783.5999999999999,783.5999999999999,5,50+,2
216,2025-02-22,CUST6619,Male,20,Home Decor,1,116.37,116.37,116.37,2,18-25,0
217,2025-06-21,CUST9356,Female,39,Electronics,4,171.2,684.8,684.8,6,36-50,2
218,2025-08-06,CUST7612,Female,61,Electronics,5,399.88,1999.4,1999.4,8,50+,1
219,2025-06-09,CUST6005,Male,19,Electronics,5,459.58,2297.9,2297.9,6,18-25,1
220,2025-07-17,CUST1822,Male,41,Home Decor,3,192.7,578.0999999999999,578.0999999999999,7,36-50,0
221,2025-09-04,CUST1943,Female,51,Electronics,3,167.35,502.05,502.04999999999995,9,50+,0
222,2025-11-20,CUST7150,Female,44,Home Decor,2,113.69,227.38,227.38,11,36-50,0
223,2025-07-22,CUST5425,Male,58,Beauty,2,345.68,691.36,691.36,7,50+,2
224,2025-07-03,CUST9966,Male,18,Home Decor,5,175.09,875.45,875.45,7,<18,2
225,2025-05-03,CUST3198,Female,25,Beauty,3,494.12,1482.36,1482.3600000000001,5,18-25,1
226,2025-09-12,CUST5242,Male,40,Electronics,1,176.33,176.33,176.33,9,36-50,0
227,2025-10-21,CUST4695,Female,55,Beauty,4,209.19,836.76,836.76,10,50+,2
228,2025-10-07,CUST4452,Female,23,Home Decor,3,309.6,928.8,928.8000000000001,10,18-25,2
229,2025-11-21,CUST2308,Male,39,Clothing,3,404.81,1214.43,1214.43,11,36-50,2
230,2025-04-08,CUST5177,Male,42,Beauty,2,245.37,490.74,490.74,4,36-50,0
231,2025-07-17,CUST9705,Male,35,Beauty,4,222.87,891.48,891.48,7,26-35,2
232,2025-08-28,CUST7852,Male,34,Electronics,5,497.91,2489.55,2489.55,8,26-35,1
233,2025-05-24,CUST7035,Male,29,Home Decor,3,25.04,75.12,75.12,5,26-35,0
234,2025-04-07,CUST4594,Female,23,Beauty,5,449.63,2248.15,2248.15,4,18-25,1
235,2025-07-20,CUST5841,Female,43,Beauty,3,91.59,274.77,274.77,7,36-50,0
236,2025-05-04,CUST2409,Male,44,Beauty,5,397.24,1986.2,1986.2,5,36-50,1
237,2025-07-06,CUST5566,Male,25,Beauty,4,316.61,1266.44,1266.44,7,18-25,2
238,2025-11-22,CUST5491,Male,36,Clothing,2,184.09,368.18,368.18,11,36-50,0
239,2025-12-15,CUST2555,Female,59,Home Decor,4,439.46,1757.84,1757.84,12,50+,1
240,2025-09-16,CUST1804,Male,18,Electronics,1,26.2,26.2,26.2,9,<18,0
241,2025-05-28,CUST2279,Male,46,Electronics,2,128.81,257.62,257.62,5,36-50,0
242,2025-09-09,CUST8083,Female,62,Clothing,4,292.11,1168.44,1168.44,9,50+,2
243,2025-12-12,CUST6986,Female,66,Home Decor,1,188.74,188.74,188.74,12,50+,0
244,2025-05-27,CUST6619,Male,52,Beauty,3,312.98,938.94,938.94,5,50+,2
245,2025-05-28,CUST2387,Male,57,Clothing,3,31.57,94.71,94.71000000000001,5,50+,0
246,2025-12-18,CUST3679,Male,31,Home Decor,5,75.9,379.5,379.5,12,26-35,0
247,2025-07-18,CUST3106,Female,52,Beauty,2,81.01,162.02,162.02,7,50+,0
248,2025-11-04,CUST9173,Male,65,Clothing,3,110.86,332.58,332.58,11,50+,0
249,2025-05-08,CUST5223,Male,62,Home Decor,2,240.48,480.96,480.96,5,50+,0
250,2025-02-08,CUST5831,Male,37,Electronics,3,381.02,1143.06,1143.06,2,36-50,2
251,2025-12-04,CUST3768,Female,66,Electronics,5,454.66,2273.3,2273.3,12,50+,1
252,2025-12-26,CUST4186,Female,30,Home Decor,4,420.98,1683.92,1683.92,12,26-35,1
253,2025-05-09,CUST3573,Male,55,Electronics,5,114.51,572.5500000000001,572.5500000000001,5,50+,0
254,2025-09-24,CUST3599,Male,66,Home Decor,1,231.75,231.75,231.75,9,50+,0
255,2025-05-31,CUST5033,Female,63,Beauty,3,115.72,347.16,347.15999999999997,5,50+,0
256,2025-10-25,CUST9428,Female,66,Home Decor,1,146.95,146.95,146.95,10,50+,0
257,2025-04-09,CUST2304,Female,25,Beauty,1,261.7,261.7,261.7,4,18-25,0
258,2025-09-20,CUST8368,Female,60,Clothing,2,52.69,105.38,105.38,9,50+,0
259,2025-09-09,CUST6877,Female,37,Home Decor,3,124.72,374.16,374.15999999999997,9,36-50,0
260,2025-05-24,CUST2301,Female,50,Clothing,1,468.98,468.98,468.98,5,36-50,0
261,2025-12-12,CUST3541,Female,43,Electronics,4,243.74,974.96,974.96,12,36-50,2
262,2025-04-22,CUST3051,Female,56,Beauty,1,233.79,233.79,233.79,4,50+,0
263,2025-03-01,CUST7809,Female,38,Home Decor,4,26.99,107.96,107.96,3,36-50,0
264,2025-01-02,CUST9633,Male,66,Clothing,2,138.75,277.5,277.5,1,50+,0
265,2025-10-31,CUST9996,Male,59,Beauty,1,435.82,435.82,435.82,10,50+,0
266,2025-09-11,CUST1074,Male,60,Beauty,5,99.02,495.1,495.09999999999997,9,50+,0
267,2025-05-20,CUST7981,Female,58,Electronics,2,219.26,438.52,438.52,5,50+,0
268,2025-02-06,CUST6475,Male,26,Electronics,4,26.88,107.52,107.52,2,26-35,0
269,2025-06-09,CUST9232,Female,41,Beauty,2,249.6,499.2,499.2,6,36-50,0
270,2025-01-09,CUST8184,Female,54,Beauty,1,30.09,30.09,30.09,1,50+,0
271,2025-08-21,CUST6796,Male,66,Home Decor,3,413.41,1240.23,1240.23,8,50+,2
272,2025-04-09,CUST8141,Female,58,Beauty,3,415.93,1247.79,1247.79,4,50+,2
273,2025-05-27,CUST2622,Male,34,Home Decor,4,398.12,1592.48,1592.48,5,26-35,1
274,2025-10-31,CUST9041,Male,41,Beauty,4,156.01,624.04,624.04,10,36-50,0
275,2025-07-27,CUST1341,Male,38,Electronics,3,421.87,1265.61,1265.6100000000001,7,36-50,2
276,2025-05-11,CUST3074,Female,68,Home Decor,4,280.64,1122.56,1122.56,5,50+,2
277,2025-06-01,CUST8992,Male,56,Clothing,2,199.43,398.86,398.86,6,50+,0
278,2025-02-23,CUST1645,Female,58,Electronics,5,320.16,1600.8000000000002,1600.8000000000002,2,50+,1
279,2025-04-30,CUST5263,Male,56,Home Decor,5,25.92,129.60000000000002,129.60000000000002,4,50+,0
280,2025-06-10,CUST9801,Male,30,Home Decor,2,88.62,177.24,177.24,6,26-35,0
281,2025-04-26,CUST7136,Male,28,Clothing,5,376.3,1881.5,1881.5,4,26-35,1
282,2025-03-16,CUST9646,Female,63,Home Decor,1,137.2,137.2,137.2,3,50+,0
283,2025-04-23,CUST3969,Female,36,Beauty,2,307.04,614.08,614.08,4,36-50,0
284,2025-04-14,CUST4028,Female,28,Clothing,4,204.85,819.4,819.4,4,26-35,2
285,2025-12-06,CUST8643,Male,30,Electronics,2,430.31,860.62,860.62,12,26-35,2
286,2025-09-11,CUST3681,Male,63,Electronics,3,477.16,1431.48,1431.48,9,50+,1
287,2025-08-15,CUST4629,Female,62,Beauty,4,444.11,1776.44,1776.44,8,50+,1
288,2025-04-22,CUST5225,Female,18,Electronics,3,149.9,449.7000000000001,449.70000000000005,4,<18,0
289,2025-04-09,CUST4067,Female,57,Home Decor,4,113.2,452.8,452.8,4,50+,0
290,2025-06-02,CUST6941,Female,61,Home Decor,5,247.73,1238.65,1238.6499999999999,6,50+,2
291,2025-12-15,CUST2386,Female,36,Beauty,2,23.52,47.04,47.04,12,36-50,0
292,2025-12-04,CUST3866,Female,29,Electronics,1,32.39,32.39,32.39,12,26-35,0
293,2025-07-13,CUST5788,Male,25,Electronics,4,285.58,1142.32,1142.32,7,18-25,2
294,2025-11-06,CUST6490,Female,25,Beauty,4,269.82,1079.28,1079.28,11,18-25,2
295,2025-06-12,CUST5124,Male,62,Clothing,3,497.4,1492.1999999999998,1492.1999999999998,6,50+,1
296,2025-07-27,CUST9340,Male,29,Electronics,5,116.88,584.4,584.4,7,26-35,0
297,2025-06-18,CUST4850,Female,65,Clothing,3,143.89,431.67,431.66999999999996,6,50+,0
298,2025-06-10,CUST6415,Female,50,Electronics,3,74.5,223.5,223.5,6,36-50,0
299,2025-03-09,CUST8679,Male,62,Electronics,5,460.42,2302.1,2302.1,3,50+,1
300,2025-10-16,CUST7819,Female,43,Electronics,1,393.35,393.35,393.35,10,36-50,0
301,2025-10-04,CUST9378,Female,56,Electronics,3,414.72,1244.16,1244.16,10,50+,2
302,2025-10-31,CUST2333,Male,45,Home Decor,3,453.33,1359.99,1359.99,10,36-50,2
303,2025-05-15,CUST5150,Male,22,Clothing,4,271.95,1087.8,1087.8,5,18-25,2
304,2025-07-14,CUST7766,Male,25,Clothing,5,236.57,1182.85,1182.85,7,18-25,2
305,2025-05-08,CUST3711,Female,42,Electronics,2,178.59,357.18,357.18,5,36-50,0
306,2025-02-02,CUST5853,Male,44,Electronics,1,302.82,302.82,302.82,2,36-50,0
307,2025-06-25,CUST7212,Female,63,Clothing,1,238.05,238.05,238.05,6,50+,0
308,2025-01-22,CUST8479,Male,40,Home Decor,5,236.75,1183.75,1183.75,1,36-50,2
309,2025-08-26,CUST6408,Male,47,Beauty,4,469.73,1878.92,1878.92,8,36-50,1
310,2025-06-07,CUST8715,Male,62,Beauty,4,492.34,1969.36,1969.36,6,50+,1
311,2025-02-07,CUST9942,Female,64,Clothing,5,402.31,2011.55,2011.55,2,50+,1
312,2025-08-18,CUST2762,Female,40,Electronics,4,383.24,1532.96,1532.96,8,36-50,1
313,2025-12-31,CUST8101,Male,66,Electronics,1,346.67,346.67,346.67,12,50+,0
314,2025-02-20,CUST8674,Male,64,Home Decor,1,99.72,99.72,99.72,2,50+,0
315,2025-09-21,CUST7122,Male,37,Beauty,2,48.37,96.74,96.74,9,36-50,0
316,2025-10-10,CUST1481,Female,35,Home Decor,5,351.55,1757.75,1757.75,10,26-35,1
317,2025-01-27,CUST1153,Male,35,Beauty,3,369.82,1109.46,1109.46,1,26-35,2
318,2025-08-14,CUST8617,Female,19,Clothing,3,42.55,127.65,127.64999999999999,8,18-25,0
319,2025-10-04,CUST2524,Male,21,Beauty,2,465.46,930.92,930.92,10,18-25,2
320,2025-10-13,CUST3120,Male,47,Home Decor,2,63.75,127.5,127.5,10,36-50,0
321,2025-04-07,CUST3343,Male,50,Home Decor,4,157.23,628.92,628.92,4,36-50,0
322,2025-10-11,CUST6136,Male,53,Home Decor,2,342.75,685.5,685.5,10,50+,2
323,2025-11-13,CUST6760,Male,35,Clothing,2,101.54,203.08,203.08,11,26-35,0
324,2025-10-31,CUST2240,Male,54,Beauty,3,46.6,139.8,139.8,10,50+,0
325,2025-05-27,CUST1060,Female,36,Beauty,4,178.95,715.8,715.8,5,36-50,2
326,2025-01-04,CUST2639,Male,64,Home Decor,2,387.67,775.34,775.34,1,50+,2
327,2025-02-04,CUST7185,Female,45,Beauty,2,218.57,437.14,437.14,2,36-50,0
328,2025-07-11,CUST8970,Male,57,Electronics,4,333.43,1333.72,1333.72,7,50+,2
329,2025-02-18,CUST2252,Male,37,Electronics,5,298.22,1491.1,1491.1000000000001,2,36-50,1
330,2025-01-17,CUST5203,Female,66,Electronics,4,30.66,122.64,122.64,1,50+,0
331,2025-06-21,CUST9363,Male,50,Beauty,3,494.5,1483.5,1483.5,6,36-50,1
332,2025-08-08,CUST4549,Female,29,Clothing,5,39.89,199.45,199.45,8,26-35,0
333,2025-06-07,CUST5197,Female,68,Clothing,1,484.55,484.55,484.55,6,50+,0
334,2025-02-15,CUST8009,Male,32,Clothing,4,283.93,1135.72,1135.72,2,26-35,2
335,2025-01-06,CUST7667,Female,58,Clothing,3,482.32,1446.96,1446.96,1,50+,1
336,2025-04-09,CUST3322,Female,56,Electronics,5,75.08,375.4,375.4,4,50+,0
337,2025-08-21,CUST5090,Male,19,Electronics,4,255.4,1021.6,1021.6,8,18-25,2
338,2025-02-06,CUST7960,Female,46,Home Decor,2,101.36,202.72,202.72,2,36-50,0
339,2025-10-07,CUST4004,Male,58,Beauty,4,44.47,177.88,177.88,10,50+,0
340,2025-12-15,CUST6136,Male,27,Beauty,1,316.41,316.41,316.41,12,26-35,0
341,2025-10-29,CUST1329,Male,19,Clothing,4,119.74,478.96,478.96,10,18-25,0
342,2025-06-30,CUST4640,Male,68,Electronics,5,302.09,1510.4499999999998,1510.4499999999998,6,50+,1
343,2025-04-05,CUST8982,Female,28,Clothing,5,73.93,369.65,369.65000000000003,4,26-35,0
344,2025-04-09,CUST5107,Male,30,Home Decor,4,179.35,717.4,717.4,4,26-35,2
345,2025-07-07,CUST2341,Male,27,Beauty,5,395.18,1975.9,1975.9,7,26-35,1
346,2025-04-26,CUST9407,Female,31,Beauty,2,229.78,459.56,459.56,4,26-35,0
347,2025-07-10,CUST1338,Male,35,Clothing,4,321.32,1285.28,1285.28,7,26-35,2
348,2025-09-10,CUST6895,Male,68,Home Decor,2,330.78,661.56,661.56,9,50+,2
349,2025-06-10,CUST3708,Female,26,Beauty,2,425.0,850.0,850.0,6,26-35,2
350,2025-09-13,CUST2750,Female,56,Home Decor,3,175.96,527.88,527.88,9,50+,0
351,2025-11-19,CUST6604,Female,45,Home Decor,4,349.9,1399.6,1399.6,11,36-50,2
352,2025-05-08,CUST3421,Female,20,Clothing,5,481.58,2407.9,2407.9,5,18-25,1
353,2025-01-18,CUST8119,Female,37,Electronics,2,370.52,741.04,741.04,1,36-50,2
354,2025-10-08,CUST9901,Female,23,Clothing,3,255.14,765.42,765.42,10,18-25,2
355,2025-08-11,CUST6319,Female,44,Electronics,4,322.74,1290.96,1290.96,8,36-50,2
356,2025-02-23,CUST7609,Male,19,Home Decor,4,375.05,1500.2,1500.2,2,18-25,1
357,2025-02-27,CUST6387,Female,46,Electronics,1,313.89,313.89,313.89,2,36-50,0
358,2025-11-19,CUST4993,Female,55,Home Decor,1,28.0,28.0,28.0,11,50+,0
359,2025-12-26,CUST9680,Female,20,Beauty,2,113.49,226.98,226.98,12,18-25,0
360,2025-06-23,CUST9044,Male,33,Beauty,1,409.02,409.02,409.02,6,26-35,0
361,2025-10-07,CUST9238,Male,47,Beauty,2,150.87,301.74,301.74,10,36-50,0
362,2025-04-24,CUST5873,Female,57,Clothing,5,371.15,1855.75,1855.75,4,50+,1
363,2025-10-15,CUST5806,Female,19,Clothing,2,198.62,397.24,397.24,10,18-25,0
364,2025-12-08,CUST9592,Female,34,Home Decor,1,270.5,270.5,270.5,12,26-35,0
365,2025-05-31,CUST6913,Male,58,Beauty,5,52.63,263.15000000000003,263.15000000000003,5,50+,0
366,2025-05-07,CUST8124,Male,29,Clothing,1,106.99,106.99,106.99,5,26-35,0
367,2025-06-04,CUST4157,Female,52,Beauty,2,479.45,958.9,958.9,6,50+,2
368,2025-09-30,CUST1390,Male,60,Clothing,3,447.27,1341.81,1341.81,9,50+,2
369,2025-04-14,CUST5430,Female,18,Electronics,4,333.09,1332.36,1332.36,4,<18,2
370,2025-10-26,CUST9820,Male,62,Electronics,1,240.63,240.63,240.63,10,50+,0
371,2025-09-03,CUST8686,Male,32,Beauty,2,344.37,688.74,688.74,9,26-35,2
372,2025-06-25,CUST5232,Female,43,Home Decor,5,316.93,1584.65,1584.65,6,36-50,1
373,2025-02-08,CUST9007,Female,54,Clothing,1,292.91,292.91,292.91,2,50+,0
374,2025-06-19,CUST2521,Female,38,Clothing,1,48.4,48.4,48.4,6,36-50,0
375,2025-09-04,CUST2500,Female,66,Electronics,4,323.75,1295.0,1295.0,9,50+,2
376,2025-01-26,CUST7737,Male,48,Electronics,2,389.08,778.16,778.16,1,36-50,2
377,2025-12-21,CUST4294,Male,42,Home Decor,3,497.16,1491.48,1491.48,12,36-50,1
378,2025-11-02,CUST6085,Male,40,Home Decor,5,25.32,126.6,126.6,11,36-50,0
379,2025-01-13,CUST3419,Female,41,Home Decor,2,370.48,740.96,740.96,1,36-50,2
380,2025-11-12,CUST4042,Male,55,Beauty,5,294.46,1472.3,1472.3,11,50+,1
381,2025-11-09,CUST5497,Female,45,Electronics,1,228.35,228.35,228.35,11,36-50,0
382,2025-02-05,CUST2466,Male,38,Beauty,4,81.23,324.92,324.92,2,36-50,0
383,2025-06-22,CUST4561,Female,60,Electronics,4,216.36,865.44,865.44,6,50+,2
384,2025-01-20,CUST1614,Female,35,Electronics,3,190.1,570.3,570.3,1,26-35,0
385,2025-11-17,CUST6392,Male,53,Clothing,4,165.36,661.44,661.44,11,50+,2
386,2025-09-21,CUST8693,Female,52,Electronics,1,370.82,370.82,370.82,9,50+,0
387,2025-05-22,CUST4223,Female,62,Electronics,3,356.35,1069.0500000000002,1069.0500000000002,5,50+,2
388,2025-05-23,CUST8138,Male,26,Beauty,2,302.73,605.46,605.46,5,26-35,0
389,2025-04-02,CUST3667,Female,55,Electronics,4,470.56,1882.24,1882.24,4,50+,1
390,2025-12-20,CUST8980,Female,47,Beauty,3,187.93,563.79,563.79,12,36-50,0
391,2025-11-18,CUST1130,Female,61,Home Decor,1,137.02,137.02,137.02,11,50+,0
392,2025-10-15,CUST3983,Male,51,Electronics,5,334.83,1674.15,1674.1499999999999,10,50+,1
393,2025-08-03,CUST5278,Male,49,Electronics,5,115.43,577.1500000000001,577.1500000000001,8,36-50,0
394,2025-12-08,CUST8126,Female,20,Beauty,1,171.21,171.21,171.21,12,18-25,0
395,2025-02-20,CUST9230,Male,20,Home Decor,1,127.81,127.81,127.81,2,18-25,0
396,2025-06-02,CUST8694,Female,45,Clothing,5,53.19,265.95,265.95,6,36-50,0
397,2025-07-05,CUST7640,Female,61,Home Decor,3,417.2,1251.6,1251.6,7,50+,2
398,2025-03-04,CUST6468,Female,32,Beauty,5,142.18,710.9000000000001,710.9000000000001,3,26-35,2
399,2025-07-09,CUST1920,Female,58,Home Decor,1,247.05,247.05,247.05,7,50+,0
400,2025-05-05,CUST8564,Female,40,Beauty,4,40.79,163.16,163.16,5,36-50,0
401,2025-05-30,CUST9684,Male,57,Beauty,2,355.68,711.36,711.36,5,50+,2
402,2025-11-10,CUST9502,Female,28,Clothing,4,178.67,714.68,714.68,11,26-35,2
403,2025-02-27,CUST9930,Male,65,Electronics,4,377.47,1509.88,1509.88,2,50+,1
404,2025-12-08,CUST4241,Male,49,Beauty,1,217.95,217.95,217.95,12,36-50,0
405,2025-11-01,CUST1545,Female,53,Beauty,5,113.96,569.8,569.8,11,50+,0
406,2025-06-29,CUST5346,Female,50,Clothing,3,266.32,798.96,798.96,6,36-50,2
407,2025-06-19,CUST4810,Male,41,Beauty,4,82.64,330.56,330.56,6,36-50,0
408,2025-11-22,CUST8206,Male,56,Electronics,5,231.46,1157.3,1157.3,11,50+,2
409,2025-09-28,CUST3032,Male,51,Clothing,3,172.31,516.9300000000001,516.9300000000001,9,50+,0
410,2025-02-23,CUST9436,Female,45,Electronics,4,457.74,1830.96,1830.96,2,36-50,1
411,2025-04-11,CUST1271,Male,54,Electronics,3,49.25,147.75,147.75,4,50+,0
412,2025-09-21,CUST4511,Female,24,Clothing,5,353.13,1765.65,1765.65,9,18-25,1
413,2025-02-22,CUST2771,Female,21,Beauty,2,107.72,215.44,215.44,2,18-25,0
414,2025-03-01,CUST5361,Female,54,Electronics,5,173.14,865.6999999999999,865.6999999999999,3,50+,2
415,2025-04-18,CUST8069,Male,18,Electronics,1,219.45,219.45,219.45,4,<18,0
416,2025-01-05,CUST1920,Female,18,Electronics,3,455.85,1367.5500000000002,1367.5500000000002,1,<18,2
417,2025-04-13,CUST9190,Female,64,Electronics,2,136.44,272.88,272.88,4,50+,0
418,2025-07-15,CUST4430,Female,37,Clothing,3,63.83,191.49,191.49,7,36-50,0
419,2025-09-19,CUST5435,Female,36,Clothing,3,172.97,518.91,518.91,9,36-50,0
420,2025-12-31,CUST4760,Female,46,Home Decor,4,70.24,280.96,280.96,12,36-50,0
421,2025-12-16,CUST3050,Male,27,Home Decor,1,81.73,81.73,81.73,12,26-35,0
422,2025-02-16,CUST2165,Female,35,Electronics,3,295.45,886.3499999999999,886.3499999999999,2,26-35,2
423,2025-12-21,CUST9567,Female,45,Beauty,5,49.23,246.15,246.14999999999998,12,36-50,0
424,2025-11-07,CUST3033,Male,52,Electronics,5,34.85,174.25,174.25,11,50+,0
425,2025-11-04,CUST7467,Female,60,Beauty,4,362.92,1451.68,1451.68,11,50+,1
426,2025-05-24,CUST1145,Male,64,Electronics,1,193.59,193.59,193.59,5,50+,0
427,2025-09-26,CUST5388,Female,48,Home Decor,1,80.18,80.18,80.18,9,36-50,0
428,2025-05-04,CUST8832,Male,44,Home Decor,5,141.73,708.65,708.65,5,36-50,2
429,2025-04-16,CUST9623,Male,28,Beauty,2,328.2,656.4,656.4,4,26-35,0
430,2025-06-07,CUST9896,Female,66,Electronics,4,152.26,609.04,609.04,6,50+,0
431,2025-05-27,CUST9173,Female,66,Beauty,4,257.37,1029.48,1029.48,5,50+,2
432,2025-05-25,CUST3632,Female,55,Home Decor,5,78.41,392.05,392.04999999999995,5,50+,0
433,2025-04-30,CUST5494,Male,22,Electronics,5,302.28,1511.4,1511.3999999999999,4,18-25,1
434,2025-11-15,CUST9056,Male,25,Electronics,2,171.72,343.44,343.44,11,18-25,0
435,2025-10-02,CUST8511,Male,51,Beauty,2,320.94,641.88,641.88,10,50+,0
436,2025-04-02,CUST2828,Female,65,Clothing,1,408.03,408.03,408.03,4,50+,0
437,2025-02-27,CUST5805,Male,69,Beauty,4,313.59,1254.36,1254.36,2,50+,2
438,2025-12-12,CUST1806,Male,29,Home Decor,4,161.96,647.84,647.84,12,26-35,0
439,2025-08-17,CUST8486,Female,55,Home Decor,5,142.76,713.8,713.8,8,50+,2
440,2025-04-27,CUST9202,Male,18,Home Decor,1,177.16,177.16,177.16,4,<18,0
441,2025-11-14,CUST2868,Male,48,Home Decor,4,99.02,396.08,396.08,11,36-50,0
442,2025-10-06,CUST8878,Female,21,Home Decor,1,106.96,106.96,106.96,10,18-25,0
443,2025-05-07,CUST6690,Male,66,Clothing,1,399.53,399.53,399.53,5,50+,0
444,2025-05-09,CUST8827,Female,62,Electronics,5,204.67,1023.35,1023.3499999999999,5,50+,2
445,2025-02-27,CUST6429,Female,67,Beauty,1,229.28,229.28,229.28,2,50+,0
446,2025-05-02,CUST4564,Female,22,Beauty,2,305.14,610.28,610.28,5,18-25,0
447,2025-01-01,CUST2389,Female,47,Home Decor,2,303.03,606.06,606.06,1,36-50,0
448,2025-08-27,CUST8274,Female,41,Beauty,3,52.34,157.02,157.02,8,36-50,0
449,2025-10-17,CUST1824,Male,20,Home Decor,5,419.14,2095.7,2095.7,10,18-25,1
450,2025-04-06,CUST3265,Male,28,Clothing,3,105.12,315.36,315.36,4,26-35,0
451,2025-05-06,CUST1936,Female,62,Clothing,2,367.07,734.14,734.14,5,50+,2
452,2025-04-28,CUST7402,Female,21,Electronics,3,390.88,1172.64,1172.6399999999999,4,18-25,2
453,2025-02-17,CUST4845,Male,43,Clothing,5,363.15,1815.75,1815.75,2,36-50,1
454,2025-03-30,CUST2796,Female,44,Clothing,5,297.91,1489.5500000000002,1489.5500000000002,3,36-50,1
455,2025-08-25,CUST9245,Female,63,Electronics,1,27.01,27.01,27.01,8,50+,0
456,2025-09-29,CUST8214,Female,60,Beauty,4,192.98,771.92,771.92,9,50+,2
457,2025-07-08,CUST1726,Male,44,Home Decor,1,310.32,310.32,310.32,7,36-50,0
458,2025-07-11,CUST3736,Male,59,Home Decor,5,205.98,1029.9,1029.8999999999999,7,50+,2
459,2025-03-10,CUST2913,Female,68,Beauty,2,434.47,868.94,868.94,3,50+,2
460,2025-10-05,CUST8657,Female,67,Electronics,2,168.23,336.46,336.46,10,50+,0
461,2025-12-15,CUST3466,Male,23,Beauty,1,160.9,160.9,160.9,12,18-25,0
462,2025-09-04,CUST8312,Male,32,Clothing,5,147.68,738.4000000000001,738.4000000000001,9,26-35,2
463,2025-03-17,CUST9194,Female,47,Electronics,2,179.73,359.46,359.46,3,36-50,0
464,2025-06-03,CUST8906,Female,59,Electronics,5,287.55,1437.75,1437.75,6,50+,1
465,2025-05-24,CUST5876,Male,54,Electronics,2,359.37,718.74,718.74,5,50+,2
466,2025-03-27,CUST8287,Male,54,Home Decor,5,338.03,1690.15,1690.1499999999999,3,50+,1
467,2025-07-04,CUST1892,Male,59,Beauty,3,407.7,1223.1,1223.1,7,50+,2
468,2025-10-12,CUST5675,Female,54,Electronics,5,445.24,2226.2,2226.2,10,50+,1
469,2025-08-08,CUST2933,Male,52,Electronics,5,411.72,2058.6000000000004,2058.6000000000004,8,50+,1
470,2025-03-10,CUST2380,Female,40,Electronics,1,29.09,29.09,29.09,3,36-50,0
471,2025-02-16,CUST2290,Male,23,Beauty,3,373.24,1119.72,1119.72,2,18-25,2
472,2025-04-04,CUST2640,Male,21,Home Decor,4,120.03,480.12,480.12,4,18-25,0
473,2025-08-26,CUST8490,Male,35,Clothing,1,83.81,83.81,83.81,8,26-35,0
474,2025-07-23,CUST2218,Male,26,Home Decor,4,326.47,1305.88,1305.88,7,26-35,2
475,2025-08-06,CUST6016,Female,66,Electronics,2,173.48,346.96,346.96,8,50+,0
476,2025-12-07,CUST7881,Female,46,Home Decor,4,47.42,189.68,189.68,12,36-50,0
477,2025-02-08,CUST1954,Male,30,Home Decor,5,86.06,430.3,430.3,2,26-35,0
478,2025-04-10,CUST8291,Female,64,Clothing,4,20.45,81.8,81.8,4,50+,0
479,2025-10-16,CUST1974,Male,69,Beauty,1,453.55,453.55,453.55,10,50+,0
480,2025-09-11,CUST5133,Male,34,Beauty,1,31.82,31.82,31.82,9,26-35,0
481,2025-08-10,CUST6370,Male,62,Home Decor,4,120.54,482.16,482.16,8,50+,0
482,2025-12-23,CUST4972,Male,49,Home Decor,1,219.81,219.81,219.81,12,36-50,0
483,2025-01-23,CUST6295,Female,65,Beauty,1,191.15,191.15,191.15,1,50+,0
484,2025-09-07,CUST9228,Male,39,Beauty,4,457.63,1830.52,1830.52,9,36-50,1
485,2025-01-10,CUST4020,Male,21,Clothing,3,39.34,118.02,118.02000000000001,1,18-25,0
486,2025-09-03,CUST9987,Female,22,Electronics,3,265.86,797.58,797.58,9,18-25,2
487,2025-11-21,CUST5036,Male,54,Home Decor,2,346.63,693.26,693.26,11,50+,2
488,2025-04-10,CUST6068,Male,58,Beauty,1,467.22,467.22,467.22,4,50+,0
489,2025-10-17,CUST6233,Male,66,Home Decor,4,317.78,1271.12,1271.12,10,50+,2
490,2025-06-29,CUST1317,Female,30,Home Decor,1,405.8,405.8,405.8,6,26-35,0
491,2025-08-11,CUST3396,Male,51,Beauty,5,60.19,300.95,300.95,8,50+,0
492,2025-09-07,CUST3162,Female,62,Clothing,1,205.25,205.25,205.25,9,50+,0
493,2025-05-27,CUST3745,Male,39,Home Decor,1,199.49,199.49,199.49,5,36-50,0
494,2025-04-06,CUST2591,Male,40,Clothing,3,445.42,1336.26,1336.26,4,36-50,2
495,2025-09-14,CUST7183,Female,68,Beauty,4,92.66,370.64,370.64,9,50+,0
496,2025-11-21,CUST4930,Male,20,Electronics,1,92.91,92.91,92.91,11,18-25,0
497,2025-01-04,CUST2312,Male,59,Electronics,3,177.71,533.13,533.13,1,50+,0
498,2025-01-16,CUST5311,Female,51,Home Decor,2,46.14,92.28,92.28,1,50+,0
499,2025-10-07,CUST8314,Female,49,Beauty,3,107.58,322.74,322.74,10,36-50,0
500,2025-12-02,CUST3383,Female,62,Clothing,3,483.3,1449.9,1449.9,12,50+,1
501,2025-09-04,CUST4239,Female,68,Home Decor,3,225.53,676.59,676.59,9,50+,2
502,2025-09-15,CUST3139,Female,66,Beauty,1,323.37,323.37,323.37,9,50+,0
503,2025-06-09,CUST2704,Male,38,Beauty,1,368.53,368.53,368.53,6,36-50,0
504,2025-12-06,CUST7924,Female,63,Clothing,2,196.14,392.28,392.28,12,50+,0
505,2025-06-01,CUST1362,Male,61,Home Decor,5,90.67,453.35,453.35,6,50+,0
506,2025-06-27,CUST3604,Male,38,Beauty,5,119.16,595.8,595.8,6,36-50,0
507,2025-06-12,CUST5286,Male,61,Beauty,5,170.37,851.85,851.85,6,50+,2
508,2025-02-02,CUST4738,Female,28,Beauty,2,325.31,650.62,650.62,2,26-35,0
509,2025-06-28,CUST3469,Female,56,Clothing,5,211.17,1055.85,1055.85,6,50+,2
510,2025-04-11,CUST5795,Male,21,Home Decor,5,23.27,116.35,116.35,4,18-25,0
511,2025-09-25,CUST7150,Female,68,Home Decor,3,271.24,813.72,813.72,9,50+,2
512,2025-11-19,CUST1556,Female,18,Home Decor,1,462.33,462.33,462.33,11,<18,0
513,2025-03-06,CUST3808,Female,45,Home Decor,1,409.8,409.8,409.8,3,36-50,0
514,2025-06-17,CUST6150,Female,41,Electronics,3,416.1,1248.3000000000002,1248.3000000000002,6,36-50,2
515,2025-11-26,CUST8561,Male,52,Electronics,3,401.63,1204.89,1204.8899999999999,11,50+,2
516,2025-02-12,CUST3719,Male,30,Home Decor,3,175.39,526.17,526.17,2,26-35,0
517,2025-02-13,CUST7506,Female,64,Clothing,1,387.29,387.29,387.29,2,50+,0
518,2025-10-12,CUST4741,Male,51,Electronics,5,88.72,443.6,443.6,10,50+,0
519,2025-01-12,CUST4998,Female,28,Beauty,3,335.7,1007.1,1007.0999999999999,1,26-35,2
520,2025-04-05,CUST3403,Female,53,Electronics,2,327.95,655.9,655.9,4,50+,0
521,2025-10-29,CUST9780,Male,68,Beauty,3,32.27,96.81,96.81,10,50+,0
522,2025-09-10,CUST1294,Male,34,Home Decor,4,398.23,1592.92,1592.92,9,26-35,1
523,2025-08-30,CUST6343,Male,52,Electronics,3,453.56,1360.68,1360.68,8,50+,2
524,2025-02-04,CUST2136,Female,35,Clothing,1,148.36,148.36,148.36,2,26-35,0
525,2025-08-03,CUST3064,Male,57,Electronics,3,409.95,1229.85,1229.85,8,50+,2
526,2025-12-03,CUST8009,Female,39,Electronics,4,59.55,238.2,238.2,12,36-50,0
527,2025-03-31,CUST5543,Male,41,Electronics,2,307.98,615.96,615.96,3,36-50,0
528,2025-09-21,CUST2007,Male,36,Home Decor,5,253.11,1265.5500000000002,1265.5500000000002,9,36-50,2
529,2025-04-03,CUST6445,Female,54,Clothing,3,282.04,846.1200000000001,846.1200000000001,4,50+,2
530,2025-03-31,CUST6352,Female,56,Electronics,4,464.58,1858.32,1858.32,3,50+,1
531,2025-04-25,CUST2435,Female,38,Clothing,4,438.23,1752.92,1752.92,4,36-50,1
532,2025-04-15,CUST1571,Female,25,Home Decor,2,396.84,793.68,793.68,4,18-25,2
533,2025-07-15,CUST3382,Female,45,Beauty,1,151.38,151.38,151.38,7,36-50,0
534,2025-11-10,CUST6084,Female,22,Electronics,3,457.67,1373.01,1373.01,11,18-25,2
535,2025-04-24,CUST1277,Female,34,Clothing,4,66.8,267.2,267.2,4,26-35,0
536,2025-03-16,CUST8059,Female,54,Clothing,2,429.6,859.2,859.2,3,50+,2
537,2025-08-05,CUST2887,Male,53,Home Decor,5,177.52,887.6,887.6,8,50+,2
538,2025-10-04,CUST2265,Female,36,Electronics,4,45.81,183.24,183.24,10,36-50,0
539,2025-09-06,CUST8491,Female,44,Beauty,2,341.29,682.58,682.58,9,36-50,2
540,2025-06-13,CUST2040,Male,51,Clothing,1,131.01,131.01,131.01,6,50+,0
541,2025-12-23,CUST9073,Female,28,Electronics,1,136.91,136.91,136.91,12,26-35,0
542,2025-07-11,CUST3752,Male,62,Beauty,4,166.9,667.6,667.6,7,50+,2
543,2025-08-15,CUST9213,Male,64,Clothing,4,50.57,202.28,202.28,8,50+,0
544,2025-06-26,CUST5569,Female,29,Clothing,3,105.02,315.06,315.06,6,26-35,0
545,2025-04-09,CUST7353,Male,38,Beauty,2,22.47,44.94,44.94,4,36-50,0
546,2025-02-05,CUST3353,Female,28,Beauty,4,233.8,935.2,935.2,2,26-35,2
547,2025-04-06,CUST8437,Male,56,Home Decor,3,60.44,181.32,181.32,4,50+,0
548,2025-06-01,CUST5799,Male,45,Electronics,3,347.67,1043.01,1043.01,6,36-50,2
549,2025-05-31,CUST1686,Male,22,Electronics,4,133.1,532.4,532.4,5,18-25,0
550,2025-07-09,CUST9476,Female,34,Home Decor,1,472.92,472.92,472.92,7,26-35,0
551,2025-08-12,CUST5811,Female,37,Clothing,2,438.2,876.4,876.4,8,36-50,2
552,2025-02-06,CUST9954,Male,58,Beauty,2,158.93,317.86,317.86,2,50+,0
553,2025-09-25,CUST6346,Male,63,Beauty,1,395.94,395.94,395.94,9,50+,0
554,2025-07-02,CUST6043,Female,29,Beauty,4,405.56,1622.24,1622.24,7,26-35,1
555,2025-01-13,CUST3428,Female,23,Clothing,2,493.55,987.1,987.1,1,18-25,2
556,2025-10-06,CUST6126,Male,34,Beauty,4,306.96,1227.84,1227.84,10,26-35,2
557,2025-08-05,CUST9220,Male,68,Beauty,4,59.34,237.36,237.36,8,50+,0
558,2025-12-21,CUST8813,Female,36,Home Decor,3,330.48,991.44,991.44,12,36-50,2
559,2025-12-27,CUST4356,Female,43,Clothing,1,319.99,319.99,319.99,12,36-50,0
560,2025-10-13,CUST9707,Female,65,Electronics,4,326.41,1305.64,1305.64,10,50+,2
561,2025-09-30,CUST8266,Female,61,Home Decor,5,167.43,837.1500000000001,837.1500000000001,9,50+,2
562,2025-03-03,CUST7540,Female,61,Home Decor,1,432.65,432.65,432.65,3,50+,0
563,2025-03-25,CUST1038,Male,69,Electronics,2,480.55,961.1,961.1,3,50+,2
564,2025-08-05,CUST4342,Female,49,Home Decor,3,124.5,373.5,373.5,8,36-50,0
565,2025-12-08,CUST3844,Male,23,Clothing,2,62.31,124.62,124.62,12,18-25,0
566,2025-07-06,CUST2098,Female,53,Beauty,2,113.38,226.76,226.76,7,50+,0
567,2025-01-19,CUST8027,Male,55,Clothing,1,413.87,413.87,413.87,1,50+,0
568,2025-06-26,CUST2823,Female,28,Electronics,2,344.79,689.58,689.58,6,26-35,2
569,2025-04-10,CUST4155,Female,50,Electronics,4,325.3,1301.2,1301.2,4,36-50,2
570,2025-08-21,CUST4093,Male,41,Home Decor,2,212.86,425.72,425.72,8,36-50,0
571,2025-03-17,CUST6658,Male,40,Clothing,3,297.36,892.08,892.08,3,36-50,2
572,2025-09-22,CUST4778,Female,32,Clothing,3,167.78,503.34,503.34000000000003,9,26-35,0
573,2025-10-11,CUST3896,Female,44,Electronics,5,249.06,1245.3,1245.3,10,36-50,2
574,2025-07-25,CUST1988,Female,28,Clothing,3,400.67,1202.01,1202.01,7,26-35,2
575,2025-08-11,CUST5116,Female,68,Electronics,2,491.0,982.0,982.0,8,50+,2
576,2025-02-21,CUST7446,Female,67,Clothing,3,467.59,1402.77,1402.77,2,50+,1
577,2025-12-05,CUST5179,Male,34,Clothing,1,468.26,468.26,468.26,12,26-35,0
578,2025-05-24,CUST2682,Male,68,Clothing,3,213.07,639.21,639.21,5,50+,0
579,2025-03-10,CUST6626,Female,31,Electronics,4,245.02,980.08,980.08,3,26-35,2
580,2025-04-09,CUST8424,Male,44,Home Decor,1,358.7,358.7,358.7,4,36-50,0
581,2025-01-25,CUST1933,Male,35,Clothing,5,462.65,2313.25,2313.25,1,26-35,1
582,2025-02-22,CUST4598,Male,45,Electronics,4,88.16,352.64,352.64,2,36-50,0
583,2025-05-31,CUST2980,Female,68,Electronics,2,166.04,332.08,332.08,5,50+,0
584,2025-05-24,CUST4056,Male,64,Clothing,2,86.84,173.68,173.68,5,50+,0
585,2025-02-26,CUST9984,Female,64,Clothing,2,313.76,627.52,627.52,2,50+,0
586,2025-02-08,CUST1791,Male,21,Home Decor,4,167.02,668.08,668.08,2,18-25,2
587,2025-04-19,CUST6390,Female,24,Electronics,4,176.53,706.12,706.12,4,18-25,2
588,2025-06-30,CUST7635,Male,62,Electronics,4,54.04,216.16,216.16,6,50+,0
589,2025-02-11,CUST3255,Female,52,Beauty,1,187.9,187.9,187.9,2,50+,0
590,2025-07-05,CUST4610,Female,65,Electronics,1,434.0,434.0,434.0,7,50+,0
591,2025-08-11,CUST2607,Male,26,Home Decor,2,131.87,263.74,263.74,8,26-35,0
592,2025-05-02,CUST6179,Female,25,Beauty,3,353.69,1061.07,1061.07,5,18-25,2
593,2025-05-13,CUST7573,Female,69,Beauty,2,322.22,644.44,644.44,5,50+,0
594,2025-06-12,CUST1984,Female,62,Beauty,5,434.47,2172.3500000000004,2172.3500000000004,6,50+,1
595,2025-08-03,CUST6776,Female,34,Clothing,1,83.5,83.5,83.5,8,26-35,0
596,2025-08-09,CUST4676,Female,34,Clothing,4,489.24,1956.96,1956.96,8,26-35,1
597,2025-08-23,CUST4380,Female,66,Electronics,1,299.66,299.66,299.66,8,50+,0
598,2025-11-27,CUST9711,Female,50,Beauty,4,497.83,1991.32,1991.32,11,36-50,1
599,2025-05-26,CUST9782,Female,49,Home Decor,5,457.53,2287.65,2287.6499999999996,5,36-50,1
600,2025-08-27,CUST2050,Male,25,Clothing,5,126.33,631.65,631.65,8,18-25,0
601,2025-03-17,CUST4633,Male,36,Home Decor,1,46.96,46.96,46.96,3,36-50,0
602,2025-01-09,CUST7342,Female,55,Home Decor,4,142.71,570.84,570.84,1,50+,0
603,2025-03-15,CUST1959,Female,20,Clothing,5,273.23,1366.15,1366.15,3,18-25,2
604,2025-09-10,CUST7059,Male,22,Clothing,2,102.37,204.74,204.74,9,18-25,0
605,2025-08-18,CUST9884,Male,30,Clothing,2,100.38,200.76,200.76,8,26-35,0
606,2025-01-07,CUST6655,Male,64,Clothing,4,242.04,968.16,968.16,1,50+,2
607,2025-06-23,CUST5473,Female,63,Beauty,1,35.97,35.97,35.97,6,50+,0
608,2025-05-21,CUST3946,Male,48,Beauty,5,78.51,392.55,392.55,5,36-50,0
609,2025-06-17,CUST8725,Female,33,Beauty,1,219.61,219.61,219.61,6,26-35,0
610,2025-06-19,CUST1526,Female,67,Beauty,2,50.3,100.6,100.6,6,50+,0
611,2025-10-10,CUST4224,Male,49,Electronics,5,210.44,1052.2,1052.2,10,36-50,2
612,2025-05-02,CUST2875,Female,39,Beauty,1,247.52,247.52,247.52,5,36-50,0
613,2025-07-13,CUST2763,Female,46,Clothing,3,236.61,709.83,709.83,7,36-50,2
614,2025-01-05,CUST9712,Female,39,Home Decor,4,437.2,1748.8,1748.8,1,36-50,1
615,2025-01-29,CUST6797,Female,60,Beauty,4,274.43,1097.72,1097.72,1,50+,2
616,2025-06-14,CUST8099,Male,20,Electronics,3,244.63,733.89,733.89,6,18-25,2
617,2025-12-05,CUST6109,Male,27,Clothing,2,217.14,434.28,434.28,12,26-35,0
618,2025-05-16,CUST7644,Female,59,Home Decor,5,412.46,2062.3,2062.2999999999997,5,50+,1
619,2025-12-31,CUST1116,Female,38,Home Decor,4,449.63,1798.52,1798.52,12,36-50,1
620,2025-11-17,CUST3433,Male,33,Beauty,3,429.56,1288.68,1288.68,11,26-35,2
621,2025-12-08,CUST6463,Female,29,Home Decor,3,343.3,1029.9,1029.9,12,26-35,2
622,2025-05-25,CUST1583,Male,19,Beauty,2,85.93,171.86,171.86,5,18-25,0
623,2025-11-23,CUST9586,Female,58,Beauty,2,152.9,305.8,305.8,11,50+,0
624,2025-08-05,CUST4788,Female,41,Clothing,1,42.11,42.11,42.11,8,36-50,0
625,2025-10-28,CUST5167,Male,52,Clothing,4,466.8,1867.2,1867.2,10,50+,1
626,2025-05-12,CUST9465,Male,47,Electronics,1,337.18,337.18,337.18,5,36-50,0
627,2025-10-19,CUST2389,Male,47,Clothing,3,378.25,1134.75,1134.75,10,36-50,2
628,2025-03-11,CUST9357,Male,64,Clothing,5,169.55,847.75,847.75,3,50+,2
629,2025-09-09,CUST7154,Female,52,Beauty,5,425.91,2129.55,2129.55,9,50+,1
630,2025-10-02,CUST6420,Male,36,Clothing,2,144.61,289.22,289.22,10,36-50,0
631,2025-12-30,CUST9920,Female,67,Beauty,5,20.79,103.95,103.94999999999999,12,50+,0
632,2025-07-01,CUST3043,Male,25,Beauty,5,200.68,1003.4,1003.4000000000001,7,18-25,2
633,2025-06-16,CUST5197,Male,43,Clothing,5,293.97,1469.85,1469.8500000000001,6,36-50,1
634,2025-04-01,CUST4496,Female,66,Electronics,3,249.78,749.34,749.34,4,50+,2
635,2025-07-21,CUST1778,Male,57,Electronics,5,433.8,2169.0,2169.0,7,50+,1
636,2025-12-12,CUST1213,Male,24,Home Decor,5,70.59,352.95000000000005,352.95000000000005,12,18-25,0
637,2025-01-19,CUST4762,Male,47,Home Decor,5,285.84,1429.1999999999998,1429.1999999999998,1,36-50,1
638,2025-02-08,CUST7731,Male,24,Clothing,1,266.23,266.23,266.23,2,18-25,0
639,2025-05-06,CUST4117,Female,20,Electronics,3,155.07,465.21,465.21,5,18-25,0
640,2025-06-22,CUST6791,Female,18,Beauty,2,414.67,829.34,829.34,6,<18,2
641,2025-05-21,CUST9783,Male,53,Home Decor,1,381.37,381.37,381.37,5,50+,0
642,2025-08-30,CUST3720,Male,42,Beauty,4,371.77,1487.08,1487.08,8,36-50,1
643,2025-08-08,CUST9905,Male,54,Home Decor,3,440.57,1321.71,1321.71,8,50+,2
644,2025-05-06,CUST7047,Female,18,Clothing,3,366.94,1100.82,1100.82,5,<18,2
645,2025-02-27,CUST9032,Female,32,Electronics,4,131.28,525.12,525.12,2,26-35,0
646,2025-05-28,CUST1001,Female,54,Home Decor,4,358.67,1434.68,1434.68,5,50+,1
647,2025-11-13,CUST7368,Female,30,Electronics,4,167.7,670.8,670.8,11,26-35,2
648,2025-12-27,CUST2949,Male,57,Beauty,2,136.24,272.48,272.48,12,50+,0
649,2025-01-01,CUST7732,Male,25,Clothing,5,55.04,275.2,275.2,1,18-25,0
650,2025-12-14,CUST8833,Male,22,Electronics,3,377.13,1131.39,1131.3899999999999,12,18-25,2
651,2025-07-09,CUST1917,Female,26,Clothing,5,361.28,1806.4,1806.3999999999999,7,26-35,1
652,2025-07-10,CUST4174,Male,18,Electronics,5,132.56,662.8,662.8,7,<18,2
653,2025-11-08,CUST8014,Female,53,Beauty,4,379.7,1518.8,1518.8,11,50+,1
654,2025-04-27,CUST1089,Female,52,Beauty,2,460.56,921.12,921.12,4,50+,2
655,2025-05-14,CUST2709,Male,19,Clothing,1,71.85,71.85,71.85,5,18-25,0
656,2025-02-27,CUST4041,Male,57,Beauty,2,131.67,263.34,263.34,2,50+,0
657,2025-02-13,CUST1105,Male,40,Home Decor,5,380.13,1900.65,1900.65,2,36-50,1
658,2025-06-22,CUST9619,Female,26,Electronics,2,151.76,303.52,303.52,6,26-35,0
659,2025-06-09,CUST2895,Female,51,Beauty,4,319.84,1279.36,1279.36,6,50+,2
660,2025-06-22,CUST7090,Male,63,Home Decor,1,58.96,58.96,58.96,6,50+,0
661,2025-11-13,CUST9508,Male,31,Clothing,4,237.06,948.24,948.24,11,26-35,2
662,2025-10-30,CUST7082,Female,21,Home Decor,1,374.76,374.76,374.76,10,18-25,0
663,2025-05-29,CUST1634,Male,47,Clothing,5,349.53,1747.65,1747.6499999999999,5,36-50,1
664,2025-03-21,CUST2925,Female,48,Clothing,1,411.23,411.23,411.23,3,36-50,0
665,2025-08-01,CUST3056,Female,55,Electronics,1,441.18,441.18,441.18,8,50+,0
666,2025-07-22,CUST7917,Male,28,Electronics,1,391.13,391.13,391.13,7,26-35,0
667,2025-09-09,CUST4144,Male,52,Home Decor,2,342.36,684.72,684.72,9,50+,2
668,2025-08-17,CUST1552,Male,25,Electronics,2,35.23,70.46,70.46,8,18-25,0
669,2025-06-13,CUST9907,Male,20,Electronics,5,276.78,1383.9,1383.8999999999999,6,18-25,2
670,2025-08-15,CUST6383,Female,31,Electronics,1,38.09,38.09,38.09,8,26-35,0
671,2025-05-27,CUST4911,Female,30,Home Decor,3,407.87,1223.61,1223.6100000000001,5,26-35,2
672,2025-01-20,CUST4389,Female,62,Beauty,5,173.95,869.75,869.75,1,50+,2
673,2025-02-16,CUST9442,Male,49,Electronics,1,289.97,289.97,289.97,2,36-50,0
674,2025-08-21,CUST3430,Female,51,Electronics,1,154.13,154.13,154.13,8,50+,0
675,2025-11-01,CUST1458,Male,62,Home Decor,2,395.6,791.2,791.2,11,50+,2
676,2025-01-14,CUST1207,Male,36,Beauty,5,445.52,2227.6,2227.6,1,36-50,1
677,2025-05-23,CUST1899,Male,55,Electronics,1,211.35,211.35,211.35,5,50+,0
678,2025-01-01,CUST1021,Male,33,Clothing,1,434.2,434.2,434.2,1,26-35,0
679,2025-02-23,CUST9601,Male,19,Home Decor,5,148.2,741.0,741.0,2,18-25,2
680,2025-09-16,CUST1894,Male,57,Electronics,3,276.64,829.92,829.92,9,50+,2
681,2025-05-24,CUST1514,Female,34,Electronics,5,432.21,2161.05,2161.0499999999997,5,26-35,1
682,2025-01-12,CUST8294,Male,51,Clothing,5,176.42,882.0999999999999,882.0999999999999,1,50+,2
683,2025-11-26,CUST5904,Female,59,Clothing,3,477.94,1433.82,1433.82,11,50+,1
684,2025-08-12,CUST8867,Female,33,Home Decor,5,78.5,392.5,392.5,8,26-35,0
685,2025-09-29,CUST5109,Male,55,Home Decor,1,28.77,28.77,28.77,9,50+,0
686,2025-12-24,CUST8179,Male,19,Clothing,5,453.98,2269.9,2269.9,12,18-25,1
687,2025-06-05,CUST2560,Male,19,Home Decor,3,52.95,158.85000000000002,158.85000000000002,6,18-25,0
688,2025-01-08,CUST2266,Female,43,Clothing,4,496.11,1984.44,1984.44,1,36-50,1
689,2025-05-02,CUST4638,Male,30,Electronics,5,476.67,2383.35,2383.35,5,26-35,1
690,2025-12-14,CUST9941,Female,64,Clothing,2,85.77,171.54,171.54,12,50+,0
691,2025-06-13,CUST4427,Male,48,Clothing,1,278.04,278.04,278.04,6,36-50,0
692,2025-03-31,CUST5780,Male,51,Beauty,1,108.76,108.76,108.76,3,50+,0
693,2025-05-16,CUST2927,Female,56,Clothing,2,225.51,451.02,451.02,5,50+,0
694,2025-07-05,CUST3356,Female,20,Clothing,2,49.48,98.96,98.96,7,18-25,0
695,2025-11-12,CUST5790,Male,25,Beauty,5,127.48,637.4,637.4,11,18-25,0
696,2025-06-27,CUST1306,Female,40,Home Decor,2,194.37,388.74,388.74,6,36-50,0
697,2025-01-28,CUST8979,Female,31,Beauty,4,230.55,922.2,922.2,1,26-35,2
698,2025-08-08,CUST4665,Female,44,Electronics,3,489.2,1467.6,1467.6,8,36-50,1
699,2025-12-23,CUST8057,Female,46,Beauty,2,407.78,815.56,815.56,12,36-50,2
700,2025-02-10,CUST1661,Female,56,Electronics,2,373.96,747.92,747.92,2,50+,2
701,2025-08-16,CUST5644,Male,56,Home Decor,4,277.78,1111.12,1111.12,8,50+,2
702,2025-07-11,CUST9503,Male,18,Beauty,1,423.2,423.2,423.2,7,<18,0
703,2025-05-25,CUST3920,Female,34,Beauty,1,182.87,182.87,182.87,5,26-35,0
704,2025-07-20,CUST9946,Male,58,Home Decor,5,360.27,1801.35,1801.35,7,50+,1
705,2025-07-31,CUST7236,Male,47,Electronics,4,497.02,1988.08,1988.08,7,36-50,1
706,2025-08-08,CUST7078,Female,30,Beauty,3,171.02,513.0600000000001,513.0600000000001,8,26-35,0
707,2025-08-28,CUST1352,Male,38,Electronics,3,343.53,1030.59,1030.59,8,36-50,2
708,2025-02-15,CUST8005,Female,36,Beauty,4,425.27,1701.08,1701.08,2,36-50,1
709,2025-02-04,CUST1158,Female,36,Clothing,3,459.59,1378.77,1378.77,2,36-50,2
710,2025-09-10,CUST1956,Male,42,Beauty,1,364.61,364.61,364.61,9,36-50,0
711,2025-03-23,CUST3071,Female,39,Home Decor,3,156.13,468.39,468.39,3,36-50,0
712,2025-09-13,CUST9595,Female,48,Home Decor,3,176.62,529.86,529.86,9,36-50,0
713,2025-07-16,CUST4453,Female,34,Electronics,4,29.96,119.84,119.84,7,26-35,0
714,2025-10-30,CUST7675,Female,40,Beauty,4,385.23,1540.92,1540.92,10,36-50,1
715,2025-01-10,CUST1955,Female,49,Electronics,3,40.52,121.56,121.56,1,36-50,0
716,2025-11-08,CUST7295,Male,27,Electronics,2,435.03,870.06,870.06,11,26-35,2
717,2025-10-13,CUST2712,Male,27,Clothing,4,76.96,307.84,307.84,10,26-35,0
718,2025-08-30,CUST5703,Female,53,Clothing,5,102.5,512.5,512.5,8,50+,0
719,2025-09-08,CUST7563,Female,25,Home Decor,5,248.73,1243.65,1243.6499999999999,9,18-25,2
720,2025-12-31,CUST6631,Male,69,Electronics,1,374.18,374.18,374.18,12,50+,0
721,2025-01-05,CUST2394,Female,37,Home Decor,3,86.72,260.16,260.15999999999997,1,36-50,0
722,2025-04-29,CUST5732,Male,49,Beauty,2,231.23,462.46,462.46,4,36-50,0
723,2025-10-16,CUST4714,Female,67,Electronics,1,251.77,251.77,251.77,10,50+,0
724,2025-03-06,CUST1529,Female,31,Electronics,3,121.9,365.7000000000001,365.70000000000005,3,26-35,0
725,2025-05-26,CUST3958,Female,67,Beauty,4,75.47,301.88,301.88,5,50+,0
726,2025-08-12,CUST8904,Female,45,Beauty,5,421.48,2107.4,2107.4,8,36-50,1
727,2025-08-27,CUST4591,Female,63,Home Decor,2,261.18,522.36,522.36,8,50+,0
728,2025-06-26,CUST7895,Female,69,Home Decor,5,26.9,134.5,134.5,6,50+,0
729,2025-09-24,CUST1525,Female,41,Beauty,4,405.43,1621.72,1621.72,9,36-50,1
730,2025-12-07,CUST7477,Male,32,Home Decor,3,490.78,1472.34,1472.34,12,26-35,1
731,2025-10-09,CUST1001,Male,39,Beauty,4,310.84,1243.36,1243.36,10,36-50,2
732,2025-03-04,CUST1374,Male,47,Electronics,4,261.78,1047.12,1047.12,3,36-50,2
733,2025-08-05,CUST5648,Female,21,Electronics,5,441.64,2208.2,2208.2,8,18-25,1
734,2025-12-08,CUST3365,Female,30,Clothing,2,477.21,954.42,954.42,12,26-35,2
735,2025-11-11,CUST2525,Female,40,Electronics,4,382.18,1528.72,1528.72,11,36-50,1
736,2025-10-10,CUST2646,Female,25,Beauty,5,233.82,1169.1,1169.1,10,18-25,2
737,2025-06-26,CUST1013,Female,35,Home Decor,2,304.27,608.54,608.54,6,26-35,0
738,2025-04-08,CUST5599,Female,29,Clothing,3,356.45,1069.35,1069.35,4,26-35,2
739,2025-04-15,CUST3278,Female,48,Home Decor,3,113.25,339.75,339.75,4,36-50,0
740,2025-04-09,CUST4155,Male,31,Beauty,1,234.66,234.66,234.66,4,26-35,0
741,2025-11-07,CUST9321,Female,51,Electronics,5,418.31,2091.55,2091.55,11,50+,1
742,2025-01-06,CUST4814,Male,35,Clothing,2,334.27,668.54,668.54,1,26-35,2
743,2025-07-16,CUST4216,Male,51,Beauty,4,217.38,869.52,869.52,7,50+,2
744,2025-12-17,CUST9219,Female,28,Clothing,3,338.41,1015.23,1015.23,12,26-35,2
745,2025-05-13,CUST3113,Female,58,Clothing,2,76.75,153.5,153.5,5,50+,0
746,2025-12-24,CUST5356,Male,29,Electronics,5,212.72,1063.6,1063.6,12,26-35,2
747,2025-09-16,CUST6543,Male,66,Beauty,1,400.7,400.7,400.7,9,50+,0
748,2025-01-23,CUST5555,Female,32,Home Decor,3,125.84,377.52,377.52,1,26-35,0
749,2025-02-22,CUST8062,Female,48,Clothing,2,109.26,218.52,218.52,2,36-50,0
750,2025-06-14,CUST4374,Male,66,Clothing,2,476.39,952.78,952.78,6,50+,2
751,2025-07-21,CUST7430,Female,46,Home Decor,2,120.75,241.5,241.5,7,36-50,0
752,2025-03-24,CUST4466,Female,43,Beauty,5,145.24,726.2,726.2,3,36-50,2
753,2025-05-25,CUST4081,Female,35,Clothing,5,485.42,2427.1,2427.1,5,26-35,1
754,2025-03-26,CUST1629,Male,49,Clothing,5,372.66,1863.3,1863.3000000000002,3,36-50,1
755,2025-03-19,CUST1269,Male,39,Clothing,4,355.81,1423.24,1423.24,3,36-50,1
756,2025-01-01,CUST6724,Male,55,Beauty,2,429.4,858.8,858.8,1,50+,2
757,2025-02-20,CUST6897,Female,34,Beauty,3,75.6,226.8,226.79999999999998,2,26-35,0
758,2025-06-22,CUST4432,Female,40,Home Decor,5,358.86,1794.3000000000002,1794.3000000000002,6,36-50,1
759,2025-07-24,CUST7276,Male,41,Beauty,5,261.77,1308.85,1308.85,7,36-50,2
760,2025-09-17,CUST6895,Male,67,Beauty,2,417.99,835.98,835.98,9,50+,2
761,2025-10-15,CUST8115,Male,25,Electronics,5,263.91,1319.5500000000002,1319.5500000000002,10,18-25,2
762,2025-02-03,CUST7656,Female,58,Home Decor,4,317.72,1270.88,1270.88,2,50+,2
763,2025-12-14,CUST1575,Male,23,Clothing,4,249.32,997.28,997.28,12,18-25,2
764,2025-04-05,CUST8029,Male,22,Beauty,5,249.52,1247.6,1247.6000000000001,4,18-25,2
765,2025-03-13,CUST7099,Female,61,Clothing,2,388.63,777.26,777.26,3,50+,2
766,2025-02-08,CUST4192,Female,46,Clothing,2,321.71,643.42,643.42,2,36-50,0
767,2025-06-03,CUST4178,Female,45,Electronics,2,323.97,647.94,647.94,6,36-50,0
768,2025-09-07,CUST7052,Male,28,Beauty,1,236.14,236.14,236.14,9,26-35,0
769,2025-06-11,CUST3734,Female,18,Home Decor,5,274.93,1374.65,1374.65,6,<18,2
770,2025-04-28,CUST7116,Female,60,Beauty,2,377.94,755.88,755.88,4,50+,2
771,2025-09-16,CUST4568,Male,36,Clothing,4,416.45,1665.8,1665.8,9,36-50,1
772,2025-11-02,CUST3203,Female,26,Home Decor,3,354.35,1063.0500000000002,1063.0500000000002,11,26-35,2
773,2025-09-25,CUST2390,Male,44,Beauty,3,463.56,1390.68,1390.68,9,36-50,2
774,2025-02-23,CUST2742,Male,51,Clothing,2,413.76,827.52,827.52,2,50+,2
775,2025-08-24,CUST2925,Female,61,Clothing,3,289.69,869.0699999999999,869.0699999999999,8,50+,2
776,2025-08-10,CUST1619,Female,21,Electronics,3,342.27,1026.81,1026.81,8,18-25,2
777,2025-09-08,CUST2274,Female,53,Electronics,1,464.63,464.63,464.63,9,50+,0
778,2025-11-09,CUST1956,Female,35,Electronics,4,317.2,1268.8,1268.8,11,26-35,2
779,2025-04-22,CUST2939,Female,32,Clothing,4,415.91,1663.64,1663.64,4,26-35,1
780,2025-09-12,CUST4953,Female,68,Beauty,1,350.63,350.63,350.63,9,50+,0
781,2025-10-30,CUST1968,Male,30,Electronics,1,284.93,284.93,284.93,10,26-35,0
782,2025-07-26,CUST1281,Male,36,Beauty,3,136.08,408.24,408.24,7,36-50,0
783,2025-08-17,CUST7262,Female,66,Electronics,5,224.48,1122.4,1122.3999999999999,8,50+,2
784,2025-12-07,CUST2058,Male,23,Home Decor,3,484.52,1453.56,1453.56,12,18-25,1
785,2025-03-07,CUST5293,Female,65,Home Decor,1,335.73,335.73,335.73,3,50+,0
786,2025-03-16,CUST6178,Male,29,Electronics,4,290.91,1163.64,1163.64,3,26-35,2
787,2025-04-13,CUST7980,Male,68,Clothing,3,467.82,1403.46,1403.46,4,50+,1
788,2025-07-11,CUST2229,Male,54,Electronics,5,301.53,1507.65,1507.6499999999999,7,50+,1
789,2025-09-09,CUST5585,Female,34,Electronics,3,272.52,817.56,817.56,9,26-35,2
790,2025-08-14,CUST9467,Male,40,Clothing,2,384.47,768.94,768.94,8,36-50,2
791,2025-10-21,CUST3740,Female,43,Home Decor,3,362.08,1086.24,1086.24,10,36-50,2
792,2025-11-02,CUST3289,Male,46,Beauty,1,112.72,112.72,112.72,11,36-50,0
793,2025-04-08,CUST2239,Male,50,Electronics,4,246.23,984.92,984.92,4,36-50,2
794,2025-12-04,CUST6370,Male,44,Clothing,4,246.81,987.24,987.24,12,36-50,2
795,2025-10-13,CUST1125,Male,42,Electronics,1,201.55,201.55,201.55,10,36-50,0
796,2025-12-01,CUST8473,Male,27,Clothing,2,268.3,536.6,536.6,12,26-35,0
797,2025-12-13,CUST6342,Female,64,Beauty,1,218.29,218.29,218.29,12,50+,0
798,2025-11-04,CUST8351,Female,40,Beauty,3,115.69,347.07,347.07,11,36-50,0
799,2025-09-06,CUST7638,Male,38,Home Decor,1,217.94,217.94,217.94,9,36-50,0
800,2025-06-15,CUST7570,Male,38,Clothing,1,54.69,54.69,54.69,6,36-50,0
801,2025-12-01,CUST4249,Male,60,Clothing,2,296.38,592.76,592.76,12,50+,0
802,2025-01-30,CUST8595,Male,30,Home Decor,3,429.75,1289.25,1289.25,1,26-35,2
803,2025-09-04,CUST7294,Female,54,Home Decor,5,368.14,1840.7,1840.6999999999998,9,50+,1
804,2025-04-16,CUST7527,Male,50,Clothing,5,192.99,964.95,964.95,4,36-50,2
805,2025-02-20,CUST6757,Female,41,Home Decor,4,61.79,247.16,247.16,2,36-50,0
806,2025-03-22,CUST2969,Male,61,Beauty,1,117.03,117.03,117.03,3,50+,0
807,2025-05-13,CUST1891,Female,28,Electronics,4,281.84,1127.36,1127.36,5,26-35,2
808,2025-10-12,CUST5470,Male,34,Beauty,2,119.39,238.78,238.78,10,26-35,0
809,2025-05-18,CUST8175,Male,21,Home Decor,5,281.11,1405.5500000000002,1405.5500000000002,5,18-25,1
810,2025-07-03,CUST9320,Female,64,Clothing,1,131.17,131.17,131.17,7,50+,0
811,2025-11-26,CUST7812,Male,42,Clothing,2,427.48,854.96,854.96,11,36-50,2
812,2025-09-30,CUST8519,Male,47,Beauty,2,210.69,421.38,421.38,9,36-50,0
813,2025-12-06,CUST5612,Male,26,Clothing,1,137.86,137.86,137.86,12,26-35,0
814,2025-03-10,CUST2198,Female,38,Home Decor,2,409.92,819.84,819.84,3,36-50,2
815,2025-02-03,CUST6238,Male,37,Beauty,1,184.56,184.56,184.56,2,36-50,0
816,2025-09-19,CUST7089,Male,36,Clothing,1,73.51,73.51,73.51,9,36-50,0
817,2025-02-22,CUST7257,Female,36,Electronics,3,293.8,881.4000000000001,881.4000000000001,2,36-50,2
818,2025-07-24,CUST8705,Female,29,Electronics,4,299.15,1196.6,1196.6,7,26-35,2
819,2025-05-06,CUST4719,Female,54,Home Decor,2,363.05,726.1,726.1,5,50+,2
820,2025-08-23,CUST1302,Male,59,Clothing,2,135.31,270.62,270.62,8,50+,0
821,2025-02-12,CUST1986,Male,34,Home Decor,3,233.01,699.03,699.03,2,26-35,2
822,2025-08-28,CUST5440,Male,54,Beauty,3,155.54,466.62,466.62,8,50+,0
823,2025-04-21,CUST5909,Female,65,Electronics,3,58.86,176.57999999999998,176.57999999999998,4,50+,0
824,2025-09-06,CUST4072,Male,56,Beauty,5,440.77,2203.85,2203.85,9,50+,1
825,2025-05-31,CUST4124,Male,45,Clothing,5,369.86,1849.3,1849.3000000000002,5,36-50,1
826,2025-07-02,CUST9125,Female,58,Home Decor,5,164.7,823.5,823.5,7,50+,2
827,2025-12-02,CUST4291,Female,52,Home Decor,1,307.7,307.7,307.7,12,50+,0
828,2025-04-05,CUST5033,Female,64,Home Decor,2,116.61,233.22,233.22,4,50+,0
829,2025-01-08,CUST6105,Female,65,Beauty,4,447.31,1789.24,1789.24,1,50+,1
830,2025-12-26,CUST1703,Female,35,Electronics,1,75.16,75.16,75.16,12,26-35,0
831,2025-07-03,CUST9133,Male,31,Beauty,2,21.84,43.68,43.68,7,26-35,0
832,2025-10-08,CUST1574,Female,52,Beauty,2,260.96,521.92,521.92,10,50+,0
833,2025-07-14,CUST6704,Male,61,Clothing,3,299.9,899.6999999999999,899.6999999999999,7,50+,2
834,2025-12-18,CUST8848,Male,58,Clothing,3,297.9,893.6999999999999,893.6999999999999,12,50+,2
835,2025-07-14,CUST6208,Female,24,Clothing,1,46.17,46.17,46.17,7,18-25,0
836,2025-06-04,CUST7924,Female,58,Electronics,3,170.74,512.22,512.22,6,50+,0
837,2025-04-03,CUST4828,Female,30,Electronics,2,259.62,519.24,519.24,4,26-35,0
838,2025-06-09,CUST4230,Male,35,Clothing,3,123.96,371.88,371.88,6,26-35,0
839,2025-03-02,CUST1488,Female,54,Clothing,5,438.86,2194.3,2194.3,3,50+,1
840,2025-05-02,CUST8114,Female,30,Electronics,3,61.81,185.43,185.43,5,26-35,0
841,2025-02-20,CUST4173,Female,53,Home Decor,2,253.94,507.88,507.88,2,50+,0
842,2025-10-04,CUST2667,Female,48,Electronics,1,351.88,351.88,351.88,10,36-50,0
843,2025-01-05,CUST5114,Female,19,Electronics,4,145.64,582.56,582.56,1,18-25,0
844,2025-04-02,CUST4553,Male,33,Electronics,3,319.64,958.92,958.92,4,26-35,2
845,2025-06-19,CUST8761,Male,26,Clothing,2,418.1,836.2,836.2,6,26-35,2
846,2025-11-13,CUST2000,Male,26,Home Decor,4,111.36,445.44,445.44,11,26-35,0
847,2025-01-22,CUST2388,Female,55,Electronics,4,460.27,1841.08,1841.08,1,50+,1
848,2025-11-22,CUST6450,Female,28,Clothing,5,285.71,1428.55,1428.55,11,26-35,1
849,2025-01-01,CUST4712,Female,39,Beauty,4,163.63,654.52,654.52,1,36-50,0
850,2025-05-13,CUST2367,Male,50,Beauty,2,226.81,453.62,453.62,5,36-50,0
851,2025-08-21,CUST9189,Female,53,Electronics,2,169.85,339.7,339.7,8,50+,0
852,2025-01-12,CUST1454,Female,62,Beauty,3,368.05,1104.15,1104.15,1,50+,2
853,2025-12-12,CUST3772,Female,40,Home Decor,3,402.22,1206.66,1206.66,12,36-50,2
854,2025-02-15,CUST4726,Male,62,Beauty,3,419.81,1259.43,1259.43,2,50+,2
855,2025-02-03,CUST8232,Female,62,Beauty,4,493.17,1972.68,1972.68,2,50+,1
856,2025-03-19,CUST5806,Male,51,Home Decor,4,399.82,1599.28,1599.28,3,50+,1
857,2025-08-06,CUST3190,Female,26,Electronics,5,308.66,1543.3000000000002,1543.3000000000002,8,26-35,1
858,2025-10-28,CUST3875,Male,41,Electronics,3,182.83,548.49,548.49,10,36-50,0
859,2025-03-14,CUST6592,Male,25,Home Decor,1,281.41,281.41,281.41,3,18-25,0
860,2025-10-09,CUST2440,Male,24,Home Decor,5,39.71,198.55,198.55,10,18-25,0
861,2025-09-06,CUST9927,Female,53,Home Decor,1,377.52,377.52,377.52,9,50+,0
862,2025-02-16,CUST7059,Female,35,Beauty,4,234.06,936.24,936.24,2,26-35,2
863,2025-05-01,CUST8010,Male,20,Home Decor,5,29.61,148.05,148.05,5,18-25,0
864,2025-08-02,CUST8117,Male,45,Clothing,5,50.0,250.0,250.0,8,36-50,0
865,2025-08-27,CUST3989,Female,23,Beauty,2,205.98,411.96,411.96,8,18-25,0
866,2025-02-25,CUST7228,Female,61,Electronics,4,300.04,1200.16,1200.16,2,50+,2
867,2025-12-16,CUST7471,Male,61,Electronics,4,242.82,971.28,971.28,12,50+,2
868,2025-04-17,CUST3863,Female,38,Electronics,5,317.22,1586.1,1586.1000000000001,4,36-50,1
869,2025-11-15,CUST2177,Female,45,Beauty,4,250.54,1002.16,1002.16,11,36-50,2
870,2025-02-17,CUST5760,Female,57,Clothing,5,337.62,1688.1,1688.1,2,50+,1
871,2025-03-02,CUST1011,Female,18,Home Decor,2,125.18,250.36,250.36,3,<18,0
872,2025-12-03,CUST6252,Male,53,Home Decor,5,74.16,370.8,370.79999999999995,12,50+,0
873,2025-01-26,CUST5399,Female,38,Electronics,4,306.29,1225.16,1225.16,1,36-50,2
874,2025-10-19,CUST9234,Female,60,Electronics,4,252.65,1010.6,1010.6,10,50+,2
875,2025-09-14,CUST6445,Male,52,Beauty,5,32.9,164.5,164.5,9,50+,0
876,2025-01-08,CUST7570,Male,30,Clothing,5,202.63,1013.15,1013.15,1,26-35,2
877,2025-04-23,CUST9212,Female,66,Home Decor,5,70.94,354.7,354.7,4,50+,0
878,2025-12-21,CUST1406,Female,27,Beauty,3,275.05,825.1500000000001,825.1500000000001,12,26-35,2
879,2025-09-10,CUST5431,Female,61,Home Decor,4,209.97,839.88,839.88,9,50+,2
880,2025-06-29,CUST6243,Female,64,Electronics,4,314.31,1257.24,1257.24,6,50+,2
881,2025-07-26,CUST7542,Male,27,Home Decor,3,406.69,1220.07,1220.07,7,26-35,2
882,2025-10-30,CUST7936,Male,63,Clothing,5,163.84,819.2,819.2,10,50+,2
883,2025-05-07,CUST9906,Male,30,Clothing,2,481.81,963.62,963.62,5,26-35,2
884,2025-02-25,CUST5146,Female,54,Electronics,5,277.1,1385.5,1385.5,2,50+,2
885,2025-08-02,CUST1140,Female,55,Clothing,5,316.78,1583.9,1583.8999999999999,8,50+,1
886,2025-01-14,CUST5882,Female,41,Clothing,3,346.72,1040.16,1040.16,1,36-50,2
887,2025-01-28,CUST7012,Female,19,Beauty,4,340.03,1360.12,1360.12,1,18-25,2
888,2025-03-19,CUST1963,Male,39,Home Decor,5,265.27,1326.35,1326.35,3,36-50,2
889,2025-08-04,CUST8151,Male,34,Electronics,4,225.81,903.24,903.24,8,26-35,2
890,2025-12-31,CUST9564,Female,53,Electronics,1,45.82,45.82,45.82,12,50+,0
891,2025-06-03,CUST4610,Male,31,Electronics,4,30.6,122.4,122.4,6,26-35,0
892,2025-01-14,CUST7894,Female,27,Electronics,2,191.82,383.64,383.64,1,26-35,0
893,2025-07-06,CUST8311,Female,52,Electronics,2,180.16,360.32,360.32,7,50+,0
894,2025-11-08,CUST1105,Male,42,Clothing,5,206.09,1030.45,1030.45,11,36-50,2
895,2025-01-07,CUST6539,Female,20,Beauty,4,86.42,345.68,345.68,1,18-25,0
896,2025-01-03,CUST7787,Female,64,Electronics,5,374.32,1871.6,1871.6,1,50+,1
897,2025-04-21,CUST3137,Male,55,Beauty,3,431.34,1294.02,1294.02,4,50+,2
898,2025-08-26,CUST5445,Female,34,Beauty,2,470.58,941.16,941.16,8,26-35,2
899,2025-12-29,CUST4530,Female,29,Clothing,5,256.33,1281.65,1281.6499999999999,12,26-35,2
900,2025-08-27,CUST2286,Male,69,Electronics,3,356.42,1069.26,1069.26,8,50+,2
901,2025-10-01,CUST8052,Female,41,Clothing,5,430.66,2153.3,2153.3,10,36-50,1
902,2025-10-21,CUST4654,Male,46,Electronics,4,220.78,883.12,883.12,10,36-50,2
903,2025-08-15,CUST8102,Female,60,Clothing,4,168.52,674.08,674.08,8,50+,2
904,2025-01-15,CUST3359,Male,42,Beauty,4,469.63,1878.52,1878.52,1,36-50,1
905,2025-07-11,CUST9105,Male,53,Electronics,4,267.52,1070.08,1070.08,7,50+,2
906,2025-04-29,CUST9636,Male,43,Home Decor,1,258.68,258.68,258.68,4,36-50,0
907,2025-01-28,CUST7441,Female,55,Beauty,3,105.64,316.92,316.92,1,50+,0
908,2025-07-21,CUST6047,Male,18,Home Decor,3,71.91,215.73,215.73,7,<18,0
909,2025-02-08,CUST9227,Male,37,Beauty,4,424.21,1696.84,1696.84,2,36-50,1
910,2025-09-30,CUST6203,Male,45,Clothing,1,314.78,314.78,314.78,9,36-50,0
911,2025-08-19,CUST2798,Male,33,Electronics,4,176.4,705.6,705.6,8,26-35,2
912,2025-03-27,CUST6291,Male,64,Beauty,1,112.03,112.03,112.03,3,50+,0
913,2025-05-06,CUST6495,Female,34,Clothing,4,286.64,1146.56,1146.56,5,26-35,2
914,2025-10-27,CUST7284,Female,57,Electronics,2,300.28,600.56,600.56,10,50+,0
915,2025-01-25,CUST8285,Female,45,Electronics,2,119.36,238.72,238.72,1,36-50,0
916,2025-05-25,CUST2300,Female,29,Beauty,5,428.67,2143.35,2143.35,5,26-35,1
917,2025-01-13,CUST7869,Female,44,Electronics,4,60.45,241.8,241.8,1,36-50,0
918,2025-07-31,CUST4097,Female,59,Beauty,3,190.92,572.76,572.76,7,50+,0
919,2025-01-25,CUST5616,Female,64,Electronics,5,346.58,1732.9,1732.8999999999999,1,50+,1
920,2025-03-09,CUST1009,Male,47,Home Decor,2,151.58,303.16,303.16,3,36-50,0
921,2025-03-08,CUST6752,Female,58,Clothing,4,417.28,1669.12,1669.12,3,50+,1
922,2025-08-21,CUST7295,Male,51,Home Decor,5,375.14,1875.7,1875.6999999999998,8,50+,1
923,2025-04-19,CUST5815,Male,54,Beauty,4,398.73,1594.92,1594.92,4,50+,1
924,2025-05-26,CUST2072,Female,23,Home Decor,2,77.17,154.34,154.34,5,18-25,0
925,2025-04-21,CUST4225,Male,24,Beauty,5,87.46,437.3,437.29999999999995,4,18-25,0
926,2025-08-16,CUST2316,Male,49,Electronics,2,157.51,315.02,315.02,8,36-50,0
927,2025-04-21,CUST6699,Male,49,Electronics,1,268.68,268.68,268.68,4,36-50,0
928,2025-02-03,CUST7807,Male,42,Beauty,2,379.05,758.1,758.1,2,36-50,2
929,2025-04-21,CUST7674,Female,50,Home Decor,4,421.53,1686.12,1686.12,4,36-50,1
930,2025-09-21,CUST4683,Female,24,Electronics,3,358.08,1074.24,1074.24,9,18-25,2
931,2025-08-24,CUST8227,Female,69,Clothing,2,465.73,931.46,931.46,8,50+,2
932,2025-03-24,CUST4273,Female,29,Electronics,3,374.6,1123.8000000000002,1123.8000000000002,3,26-35,2
933,2025-02-11,CUST8000,Female,33,Clothing,1,167.01,167.01,167.01,2,26-35,0
934,2025-04-11,CUST1145,Female,33,Home Decor,5,147.24,736.2,736.2,4,26-35,2
935,2025-01-06,CUST6010,Female,60,Clothing,5,354.17,1770.85,1770.8500000000001,1,50+,1
936,2025-06-29,CUST4040,Female,53,Clothing,3,112.58,337.74,337.74,6,50+,0
937,2025-10-09,CUST1482,Female,30,Clothing,5,64.5,322.5,322.5,10,26-35,0
938,2025-11-16,CUST4179,Female,24,Clothing,2,275.47,550.94,550.94,11,18-25,0
939,2025-08-14,CUST2249,Male,53,Electronics,3,414.39,1243.17,1243.17,8,50+,2
940,2025-11-11,CUST1630,Female,64,Clothing,4,68.66,274.64,274.64,11,50+,0
941,2025-12-31,CUST9853,Male,68,Electronics,2,400.11,800.22,800.22,12,50+,2
942,2025-08-17,CUST3852,Male,26,Clothing,2,409.55,819.1,819.1,8,26-35,2
943,2025-10-16,CUST1987,Male,49,Beauty,2,251.49,502.98,502.98,10,36-50,0
944,2025-05-30,CUST8622,Male,28,Home Decor,4,47.51,190.04,190.04,5,26-35,0
945,2025-10-04,CUST8327,Female,25,Clothing,1,103.8,103.8,103.8,10,18-25,0
946,2025-07-17,CUST9841,Male,50,Beauty,5,359.56,1797.8,1797.8,7,36-50,1
947,2025-03-11,CUST2100,Female,40,Clothing,3,361.65,1084.9499999999998,1084.9499999999998,3,36-50,2
948,2025-04-22,CUST7652,Female,42,Clothing,1,451.21,451.21,451.21,4,36-50,0
949,2025-01-04,CUST9632,Male,25,Clothing,3,299.69,899.0699999999999,899.0699999999999,1,18-25,2
950,2025-12-16,CUST8421,Female,62,Beauty,5,79.57,397.85,397.84999999999997,12,50+,0
951,2025-11-27,CUST6016,Male,39,Home Decor,4,78.28,313.12,313.12,11,36-50,0
952,2025-11-14,CUST1769,Male,21,Beauty,2,366.14,732.28,732.28,11,18-25,2
953,2025-12-16,CUST2343,Female,57,Home Decor,2,108.22,216.44,216.44,12,50+,0
954,2025-04-05,CUST5358,Female,20,Clothing,4,177.63,710.52,710.52,4,18-25,2
955,2025-06-01,CUST7780,Male,46,Electronics,1,253.86,253.86,253.86,6,36-50,0
956,2025-11-07,CUST7602,Female,58,Clothing,1,31.89,31.89,31.89,11,50+,0
957,2025-05-17,CUST3349,Female,46,Home Decor,3,139.43,418.29,418.29,5,36-50,0
958,2025-09-04,CUST6699,Female,51,Beauty,4,215.79,863.16,863.16,9,50+,2
959,2025-08-31,CUST2241,Male,51,Clothing,1,154.23,154.23,154.23,8,50+,0
960,2025-01-31,CUST2125,Male,45,Beauty,4,85.46,341.84,341.84,1,36-50,0
961,2025-02-09,CUST7764,Female,30,Beauty,5,369.45,1847.25,1847.25,2,26-35,1
962,2025-08-17,CUST6101,Female,32,Beauty,2,410.31,820.62,820.62,8,26-35,2
963,2025-02-05,CUST8843,Female,40,Clothing,2,143.59,287.18,287.18,2,36-50,0
964,2025-08-11,CUST1072,Female,61,Beauty,2,391.72,783.44,783.44,8,50+,2
965,2025-01-06,CUST6472,Female,43,Beauty,4,205.07,820.28,820.28,1,36-50,2
966,2025-11-18,CUST6189,Male,21,Clothing,4,263.21,1052.84,1052.84,11,18-25,2
967,2025-08-08,CUST3472,Female,43,Beauty,3,430.88,1292.64,1292.6399999999999,8,36-50,2
968,2025-03-16,CUST1707,Male,57,Clothing,2,379.98,759.96,759.96,3,50+,2
969,2025-01-04,CUST2804,Female,26,Home Decor,3,406.46,1219.38,1219.3799999999999,1,26-35,2
970,2025-12-01,CUST7704,Male,22,Home Decor,2,85.69,171.38,171.38,12,18-25,0
971,2025-05-14,CUST4713,Female,49,Home Decor,3,53.47,160.41,160.41,5,36-50,0
972,2025-04-28,CUST6051,Male,37,Beauty,3,448.83,1346.49,1346.49,4,36-50,2
973,2025-04-04,CUST3475,Female,67,Electronics,5,206.16,1030.8,1030.8,4,50+,2
974,2025-03-03,CUST4610,Male,28,Electronics,3,158.18,474.54,474.54,3,26-35,0
975,2025-07-13,CUST5255,Male,32,Beauty,4,367.85,1471.4,1471.4,7,26-35,1
976,2025-12-01,CUST8397,Male,49,Electronics,3,421.48,1264.44,1264.44,12,36-50,2
977,2025-07-22,CUST2735,Male,45,Clothing,2,434.0,868.0,868.0,7,36-50,2
978,2025-01-26,CUST9258,Male,39,Electronics,3,171.68,515.04,515.04,1,36-50,0
979,2025-06-22,CUST8979,Male,58,Beauty,1,429.06,429.06,429.06,6,50+,0
980,2025-10-27,CUST3428,Female,34,Beauty,2,39.65,79.3,79.3,10,26-35,0
981,2025-05-13,CUST8426,Male,43,Clothing,1,43.84,43.84,43.84,5,36-50,0
982,2025-11-22,CUST9533,Female,61,Home Decor,2,319.29,638.58,638.58,11,50+,0
983,2025-04-28,CUST6249,Female,24,Beauty,4,50.29,201.16,201.16,4,18-25,0
984,2025-11-20,CUST6291,Female,59,Clothing,4,175.81,703.24,703.24,11,50+,2
985,2025-10-02,CUST3817,Female,43,Electronics,4,342.92,1371.68,1371.68,10,36-50,2
986,2025-07-31,CUST4874,Female,42,Electronics,1,181.89,181.89,181.89,7,36-50,0
987,2025-08-13,CUST5211,Male,27,Clothing,5,106.21,531.05,531.05,8,26-35,0
988,2025-01-20,CUST1661,Male,62,Clothing,2,155.05,310.1,310.1,1,50+,0
989,2025-04-23,CUST4374,Male,36,Beauty,4,239.64,958.56,958.56,4,36-50,2
990,2025-05-20,CUST1207,Female,28,Electronics,2,248.19,496.38,496.38,5,26-35,0
991,2025-02-16,CUST3665,Male,30,Clothing,1,395.84,395.84,395.84,2,26-35,0
992,2025-01-01,CUST3493,Male,25,Electronics,5,380.07,1900.35,1900.35,1,18-25,1
993,2025-03-31,CUST7813,Male,57,Clothing,1,239.27,239.27,239.27,3,50+,0
994,2025-05-22,CUST1632,Male,21,Electronics,2,425.92,851.84,851.84,5,18-25,2
995,2025-11-16,CUST4083,Male,64,Home Decor,5,74.83,374.15,374.15,11,50+,0
996,2025-02-07,CUST4719,Female,48,Beauty,5,142.57,712.8499999999999,712.8499999999999,2,36-50,2
997,2025-10-20,CUST8123,Male,45,Electronics,1,417.43,417.43,417.43,10,36-50,0
998,2025-05-19,CUST2679,Female,28,Home Decor,4,201.44,805.76,805.76,5,26-35,2
999,2025-12-22,CUST1236,Female,60,Electronics,2,490.97,981.94,981.94,12,50+,2
1000,2025-11-29,CUST8446,Female,18,Electronics,3,243.8,731.4000000000001,731.4000000000001,11,<18,2
